<edmx:Edmx
    xmlns:edmx="http://schemas.microsoft.com/ado/2007/06/edmx"
    xmlns:m="http://schemas.microsoft.com/ado/2007/08/dataservices/metadata"
    xmlns:sap="http://www.sap.com/Protocols/SAPData" Version="1.0">
    <edmx:Reference
        xmlns:edmx="http://docs.oasis-open.org/odata/ns/edmx" Uri="./IWFND/CATALOGSERVICE;v=2/Vocabularies(TechnicalName='%2FIWBEP%2FVOC_COMMON',Version='0001',SAP__Origin='LOCAL')/$value">
        <edmx:Include Namespace="com.sap.vocabularies.Common.v1" Alias="Common"/>
    </edmx:Reference>
    <edmx:DataServices m:DataServiceVersion="2.0">
        <Schema
            xmlns="http://schemas.microsoft.com/ado/2008/09/edm" Namespace="ZSFH_C_SALESORDERHEADER_CDS" xml:lang="en" sap:schema-version="1">
            <EntityType Name="I_DraftAdministrativeDataType" sap:label="Draft Administrative Data" sap:content-version="1">
                <Key>
                    <PropertyRef Name="DraftUUID"/>
                </Key>
                <Property Name="DraftUUID" Type="Edm.Guid" Nullable="false" sap:label="Draft (Technical ID)"/>
                <Property Name="DraftIsKeptByUser" Type="Edm.Boolean" sap:display-format="UpperCase" sap:label="Draft Is Kept By User"/>
                <Property Name="EnqueueStartDateTime" Type="Edm.DateTimeOffset" Precision="7" sap:label="Draft Locked Since"/>
                <Property Name="DraftIsCreatedByMe" Type="Edm.Boolean" sap:display-format="UpperCase" sap:label="Draft Created By Me"/>
                <Property Name="DraftIsLastChangedByMe" Type="Edm.Boolean" sap:display-format="UpperCase" sap:label="Draft Last Changed By Me"/>
                <Property Name="DraftIsProcessedByMe" Type="Edm.Boolean" sap:display-format="UpperCase" sap:label="Draft In Process By Me"/>
                <Property Name="CreatedByUserDescription" Type="Edm.String" MaxLength="80" sap:label="Draft Created By (Description)"/>
                <Property Name="LastChangedByUserDescription" Type="Edm.String" MaxLength="80" sap:label="Draft Last Changed By (Description)"/>
                <Property Name="InProcessByUserDescription" Type="Edm.String" MaxLength="80" sap:label="Draft In Process By (Description)"/>
                <Property Name="DraftEntityType" Type="Edm.String" MaxLength="30" sap:display-format="UpperCase" sap:label="Draft Entity ID"/>
                <Property Name="CreationDateTime" Type="Edm.DateTimeOffset" Precision="7" sap:label="Draft Created On"/>
                <Property Name="CreatedByUser" Type="Edm.String" MaxLength="12" sap:display-format="UpperCase" sap:text="CreatedByUserDescription" sap:label="Draft Created By"/>
                <Property Name="LastChangeDateTime" Type="Edm.DateTimeOffset" Precision="7" sap:label="Draft Last Changed On"/>
                <Property Name="LastChangedByUser" Type="Edm.String" MaxLength="12" sap:display-format="UpperCase" sap:text="LastChangedByUserDescription" sap:label="Draft Last Changed By"/>
                <Property Name="DraftAccessType" Type="Edm.String" MaxLength="1" sap:display-format="UpperCase" sap:label="Draft Access Type"/>
                <Property Name="ProcessingStartDateTime" Type="Edm.DateTimeOffset" Precision="7" sap:label="Draft In Process Since"/>
                <Property Name="InProcessByUser" Type="Edm.String" MaxLength="12" sap:display-format="UpperCase" sap:text="InProcessByUserDescription" sap:label="Draft In Process By"/>
            </EntityType>
            <EntityType Name="ZSFH_C_SalesOrderHeaderType" sap:label="Sales Order Header" sap:content-version="1">
                <Key>
                    <PropertyRef Name="node_key"/>
                    <PropertyRef Name="IsActiveEntity"/>
                </Key>
                <Property Name="Activation_ac" Type="Edm.Boolean" sap:label="Dyn. Action Control" sap:creatable="false" sap:updatable="false" sap:sortable="false" sap:filterable="false"/>
                <Property Name="Edit_ac" Type="Edm.Boolean" sap:label="Dyn. Action Control" sap:creatable="false" sap:updatable="false" sap:sortable="false" sap:filterable="false"/>
                <Property Name="Preparation_ac" Type="Edm.Boolean" sap:label="Dyn. Action Control" sap:creatable="false" sap:updatable="false" sap:sortable="false" sap:filterable="false"/>
                <Property Name="Set_bilstat_paid_ac" Type="Edm.Boolean" sap:label="Dyn. Action Control" sap:creatable="false" sap:updatable="false" sap:sortable="false" sap:filterable="false"/>
                <Property Name="Validation_ac" Type="Edm.Boolean" sap:label="Dyn. Action Control" sap:creatable="false" sap:updatable="false" sap:sortable="false" sap:filterable="false"/>
                <Property Name="node_key" Type="Edm.Guid" Nullable="false" sap:label="Generic Node Key" sap:quickinfo="EPM: Generic Node Key"/>
                <Property Name="so_id" Type="Edm.String" MaxLength="10" sap:display-format="UpperCase" sap:label="Sales Order ID" sap:quickinfo="EPM: Sales Order Number" sap:creatable="false" sap:updatable="false"/>
                <Property Name="currency_code" Type="Edm.String" MaxLength="5" sap:label="ISO Currency Code" sap:quickinfo="EPM: Currency Code" sap:semantics="currency-code"/>
                <Property Name="gross_amount" Type="Edm.Decimal" Precision="16" Scale="3" sap:unit="currency_code" sap:label="Total Gross Amount" sap:quickinfo="EPM: Total Gross Amount"/>
                <Property Name="net_amount" Type="Edm.Decimal" Precision="16" Scale="3" sap:unit="currency_code" sap:label="Total Net Amount" sap:quickinfo="EPM: Total Net Amount"/>
                <Property Name="tax_amount" Type="Edm.Decimal" Precision="16" Scale="3" sap:unit="currency_code" sap:label="Total Tax Amount" sap:quickinfo="EPM: Total Tax Amount"/>
                <Property Name="lifecycle_status" Type="Edm.String" MaxLength="1" sap:display-format="UpperCase" sap:label="SO Lifecycle Status" sap:quickinfo="EPM: Sales Order Lifecycle Status"/>
                <Property Name="billing_status" Type="Edm.String" MaxLength="1" sap:display-format="UpperCase" sap:label="Confirmation Status" sap:quickinfo="EPM: Sales Order Confirmation Status"/>
                <Property Name="delivery_status" Type="Edm.String" MaxLength="1" sap:display-format="UpperCase" sap:label="SO Ordering Status" sap:quickinfo="EPM: Sales Order Ordering Status"/>
                <Property Name="ActiveUUID" Type="Edm.Guid" sap:label="Key"/>
                <Property Name="DraftEntityCreationDateTime" Type="Edm.DateTimeOffset" Precision="7" sap:label="Draft Created On"/>
                <Property Name="DraftEntityLastChangeDateTime" Type="Edm.DateTimeOffset" Precision="7" sap:label="Draft Last Changed On"/>
                <Property Name="HasActiveEntity" Type="Edm.Boolean" sap:display-format="UpperCase" sap:label="Has active" sap:sortable="false"/>
                <Property Name="HasDraftEntity" Type="Edm.Boolean" sap:display-format="UpperCase" sap:label="Has Draft" sap:sortable="false"/>
                <Property Name="IsActiveEntity" Type="Edm.Boolean" Nullable="false" sap:display-format="UpperCase" sap:label="Is active" sap:sortable="false"/>
                <NavigationProperty Name="DraftAdministrativeData" Relationship="ZSFH_C_SALESORDERHEADER_CDS.assoc_527C77CB00A7238EEA4AD1B85741D02F" FromRole="FromRole_assoc_527C77CB00A7238EEA4AD1B85741D02F" ToRole="ToRole_assoc_527C77CB00A7238EEA4AD1B85741D02F"/>
                <NavigationProperty Name="SiblingEntity" Relationship="ZSFH_C_SALESORDERHEADER_CDS.assoc_ABFA514954BE2B8E5FB67352B20DE301" FromRole="FromRole_assoc_ABFA514954BE2B8E5FB67352B20DE301" ToRole="ToRole_assoc_ABFA514954BE2B8E5FB67352B20DE301"/>
                <NavigationProperty Name="to_sales_order_item" Relationship="ZSFH_C_SALESORDERHEADER_CDS.assoc_D38082A0474DE5321C2482DB1A0657B3" FromRole="FromRole_assoc_D38082A0474DE5321C2482DB1A0657B3" ToRole="ToRole_assoc_D38082A0474DE5321C2482DB1A0657B3"/>
            </EntityType>
            <EntityType Name="ZSFH_C_SalesOrderItemType" sap:label="Sales Order Item" sap:content-version="1">
                <Key>
                    <PropertyRef Name="node_key"/>
                    <PropertyRef Name="IsActiveEntity"/>
                </Key>
                <Property Name="Preparation_ac" Type="Edm.Boolean" sap:label="Dyn. Action Control" sap:creatable="false" sap:updatable="false" sap:sortable="false" sap:filterable="false"/>
                <Property Name="Validation_ac" Type="Edm.Boolean" sap:label="Dyn. Action Control" sap:creatable="false" sap:updatable="false" sap:sortable="false" sap:filterable="false"/>
                <Property Name="node_key" Type="Edm.Guid" Nullable="false" sap:label="Generic Node Key" sap:quickinfo="EPM: Generic Node Key"/>
                <Property Name="parent_key" Type="Edm.Guid" sap:label="Generic Node Key" sap:quickinfo="EPM: Generic Node Key"/>
                <Property Name="so_item_pos" Type="Edm.String" MaxLength="10" sap:display-format="UpperCase" sap:label="Item Position" sap:quickinfo="EPM: Sales Order Item Position"/>
                <Property Name="currency_code" Type="Edm.String" MaxLength="5" sap:label="ISO Currency Code" sap:quickinfo="EPM: Currency Code" sap:semantics="currency-code"/>
                <Property Name="gross_amount" Type="Edm.Decimal" Precision="16" Scale="3" sap:unit="currency_code" sap:label="Total Gross Amount" sap:quickinfo="EPM: Total Gross Amount"/>
                <Property Name="net_amount" Type="Edm.Decimal" Precision="16" Scale="3" sap:unit="currency_code" sap:label="Total Net Amount" sap:quickinfo="EPM: Total Net Amount"/>
                <Property Name="tax_amount" Type="Edm.Decimal" Precision="16" Scale="3" sap:unit="currency_code" sap:label="Total Tax Amount" sap:quickinfo="EPM: Total Tax Amount"/>
                <Property Name="ActiveUUID" Type="Edm.Guid" sap:label="Key"/>
                <Property Name="DraftEntityCreationDateTime" Type="Edm.DateTimeOffset" Precision="7" sap:label="Draft Created On"/>
                <Property Name="DraftEntityLastChangeDateTime" Type="Edm.DateTimeOffset" Precision="7" sap:label="Draft Last Changed On"/>
                <Property Name="HasActiveEntity" Type="Edm.Boolean" sap:display-format="UpperCase" sap:label="Has active" sap:sortable="false"/>
                <Property Name="HasDraftEntity" Type="Edm.Boolean" sap:display-format="UpperCase" sap:label="Has Draft" sap:sortable="false"/>
                <Property Name="IsActiveEntity" Type="Edm.Boolean" Nullable="false" sap:display-format="UpperCase" sap:label="Is active" sap:sortable="false"/>
                <NavigationProperty Name="to_sales_order_header" Relationship="ZSFH_C_SALESORDERHEADER_CDS.assoc_D38082A0474DE5321C2482DB1A0657B3" FromRole="ToRole_assoc_D38082A0474DE5321C2482DB1A0657B3" ToRole="FromRole_assoc_D38082A0474DE5321C2482DB1A0657B3"/>
                <NavigationProperty Name="DraftAdministrativeData" Relationship="ZSFH_C_SALESORDERHEADER_CDS.assoc_74A9DEC0FF69390AD5D839FBBCC5F158" FromRole="FromRole_assoc_74A9DEC0FF69390AD5D839FBBCC5F158" ToRole="ToRole_assoc_74A9DEC0FF69390AD5D839FBBCC5F158"/>
                <NavigationProperty Name="SiblingEntity" Relationship="ZSFH_C_SALESORDERHEADER_CDS.assoc_81D92DB750E49A00A9662C09BF5120B6" FromRole="FromRole_assoc_81D92DB750E49A00A9662C09BF5120B6" ToRole="ToRole_assoc_81D92DB750E49A00A9662C09BF5120B6"/>
            </EntityType>
            <ComplexType Name="ValidationFunctionResult">
                <Property Name="IsValid" Type="Edm.Boolean" sap:label="Is valid"/>
            </ComplexType>
            <Association Name="assoc_74A9DEC0FF69390AD5D839FBBCC5F158" sap:content-version="1">
                <End Type="ZSFH_C_SALESORDERHEADER_CDS.ZSFH_C_SalesOrderItemType" Multiplicity="1" Role="FromRole_assoc_74A9DEC0FF69390AD5D839FBBCC5F158"/>
                <End Type="ZSFH_C_SALESORDERHEADER_CDS.I_DraftAdministrativeDataType" Multiplicity="0..1" Role="ToRole_assoc_74A9DEC0FF69390AD5D839FBBCC5F158"/>
            </Association>
            <Association Name="assoc_81D92DB750E49A00A9662C09BF5120B6" sap:content-version="1">
                <End Type="ZSFH_C_SALESORDERHEADER_CDS.ZSFH_C_SalesOrderItemType" Multiplicity="1" Role="FromRole_assoc_81D92DB750E49A00A9662C09BF5120B6"/>
                <End Type="ZSFH_C_SALESORDERHEADER_CDS.ZSFH_C_SalesOrderItemType" Multiplicity="0..1" Role="ToRole_assoc_81D92DB750E49A00A9662C09BF5120B6"/>
            </Association>
            <Association Name="assoc_ABFA514954BE2B8E5FB67352B20DE301" sap:content-version="1">
                <End Type="ZSFH_C_SALESORDERHEADER_CDS.ZSFH_C_SalesOrderHeaderType" Multiplicity="1" Role="FromRole_assoc_ABFA514954BE2B8E5FB67352B20DE301"/>
                <End Type="ZSFH_C_SALESORDERHEADER_CDS.ZSFH_C_SalesOrderHeaderType" Multiplicity="0..1" Role="ToRole_assoc_ABFA514954BE2B8E5FB67352B20DE301"/>
            </Association>
            <Association Name="assoc_D38082A0474DE5321C2482DB1A0657B3" sap:content-version="1">
                <End Type="ZSFH_C_SALESORDERHEADER_CDS.ZSFH_C_SalesOrderHeaderType" Multiplicity="1" Role="FromRole_assoc_D38082A0474DE5321C2482DB1A0657B3"/>
                <End Type="ZSFH_C_SALESORDERHEADER_CDS.ZSFH_C_SalesOrderItemType" Multiplicity="*" Role="ToRole_assoc_D38082A0474DE5321C2482DB1A0657B3"/>
            </Association>
            <Association Name="assoc_527C77CB00A7238EEA4AD1B85741D02F" sap:content-version="1">
                <End Type="ZSFH_C_SALESORDERHEADER_CDS.ZSFH_C_SalesOrderHeaderType" Multiplicity="1" Role="FromRole_assoc_527C77CB00A7238EEA4AD1B85741D02F"/>
                <End Type="ZSFH_C_SALESORDERHEADER_CDS.I_DraftAdministrativeDataType" Multiplicity="0..1" Role="ToRole_assoc_527C77CB00A7238EEA4AD1B85741D02F"/>
            </Association>
            <EntityContainer Name="ZSFH_C_SALESORDERHEADER_CDS_Entities" m:IsDefaultEntityContainer="true" sap:supported-formats="atom json xlsx">
                <EntitySet Name="I_DraftAdministrativeData" EntityType="ZSFH_C_SALESORDERHEADER_CDS.I_DraftAdministrativeDataType" sap:creatable="false" sap:updatable="false" sap:deletable="false" sap:searchable="true" sap:content-version="1"/>
                <EntitySet Name="ZSFH_C_SalesOrderHeader" EntityType="ZSFH_C_SALESORDERHEADER_CDS.ZSFH_C_SalesOrderHeaderType" sap:searchable="true" sap:content-version="1"/>
                <EntitySet Name="ZSFH_C_SalesOrderItem" EntityType="ZSFH_C_SALESORDERHEADER_CDS.ZSFH_C_SalesOrderItemType" sap:content-version="1"/>
                <AssociationSet Name="assoc_D38082A0474DE5321C2482DB1A0657B3" Association="ZSFH_C_SALESORDERHEADER_CDS.assoc_D38082A0474DE5321C2482DB1A0657B3" sap:creatable="false" sap:updatable="false" sap:deletable="false" sap:content-version="1">
                    <End EntitySet="ZSFH_C_SalesOrderHeader" Role="FromRole_assoc_D38082A0474DE5321C2482DB1A0657B3"/>
                    <End EntitySet="ZSFH_C_SalesOrderItem" Role="ToRole_assoc_D38082A0474DE5321C2482DB1A0657B3"/>
                </AssociationSet>
                <AssociationSet Name="assoc_74A9DEC0FF69390AD5D839FBBCC5F158" Association="ZSFH_C_SALESORDERHEADER_CDS.assoc_74A9DEC0FF69390AD5D839FBBCC5F158" sap:creatable="false" sap:updatable="false" sap:deletable="false" sap:content-version="1">
                    <End EntitySet="ZSFH_C_SalesOrderItem" Role="FromRole_assoc_74A9DEC0FF69390AD5D839FBBCC5F158"/>
                    <End EntitySet="I_DraftAdministrativeData" Role="ToRole_assoc_74A9DEC0FF69390AD5D839FBBCC5F158"/>
                </AssociationSet>
                <AssociationSet Name="assoc_527C77CB00A7238EEA4AD1B85741D02F" Association="ZSFH_C_SALESORDERHEADER_CDS.assoc_527C77CB00A7238EEA4AD1B85741D02F" sap:creatable="false" sap:updatable="false" sap:deletable="false" sap:content-version="1">
                    <End EntitySet="ZSFH_C_SalesOrderHeader" Role="FromRole_assoc_527C77CB00A7238EEA4AD1B85741D02F"/>
                    <End EntitySet="I_DraftAdministrativeData" Role="ToRole_assoc_527C77CB00A7238EEA4AD1B85741D02F"/>
                </AssociationSet>
                <AssociationSet Name="assoc_81D92DB750E49A00A9662C09BF5120B6" Association="ZSFH_C_SALESORDERHEADER_CDS.assoc_81D92DB750E49A00A9662C09BF5120B6" sap:creatable="false" sap:updatable="false" sap:deletable="false" sap:content-version="1">
                    <End EntitySet="ZSFH_C_SalesOrderItem" Role="FromRole_assoc_81D92DB750E49A00A9662C09BF5120B6"/>
                    <End EntitySet="ZSFH_C_SalesOrderItem" Role="ToRole_assoc_81D92DB750E49A00A9662C09BF5120B6"/>
                </AssociationSet>
                <AssociationSet Name="assoc_ABFA514954BE2B8E5FB67352B20DE301" Association="ZSFH_C_SALESORDERHEADER_CDS.assoc_ABFA514954BE2B8E5FB67352B20DE301" sap:creatable="false" sap:updatable="false" sap:deletable="false" sap:content-version="1">
                    <End EntitySet="ZSFH_C_SalesOrderHeader" Role="FromRole_assoc_ABFA514954BE2B8E5FB67352B20DE301"/>
                    <End EntitySet="ZSFH_C_SalesOrderHeader" Role="ToRole_assoc_ABFA514954BE2B8E5FB67352B20DE301"/>
                </AssociationSet>
                <FunctionImport Name="ZSFH_C_SalesOrderHeaderActivation" ReturnType="ZSFH_C_SALESORDERHEADER_CDS.ZSFH_C_SalesOrderHeaderType" EntitySet="ZSFH_C_SalesOrderHeader" m:HttpMethod="POST" sap:action-for="ZSFH_C_SALESORDERHEADER_CDS.ZSFH_C_SalesOrderHeaderType" sap:applicable-path="Activation_ac">
                    <Parameter Name="node_key" Type="Edm.Guid" Mode="In"/>
                    <Parameter Name="IsActiveEntity" Type="Edm.Boolean" Mode="In"/>
                </FunctionImport>
                <FunctionImport Name="ZSFH_C_SalesOrderHeaderEdit" ReturnType="ZSFH_C_SALESORDERHEADER_CDS.ZSFH_C_SalesOrderHeaderType" EntitySet="ZSFH_C_SalesOrderHeader" m:HttpMethod="POST" sap:action-for="ZSFH_C_SALESORDERHEADER_CDS.ZSFH_C_SalesOrderHeaderType" sap:applicable-path="Edit_ac">
                    <Parameter Name="node_key" Type="Edm.Guid" Mode="In"/>
                    <Parameter Name="IsActiveEntity" Type="Edm.Boolean" Mode="In"/>
                    <Parameter Name="PreserveChanges" Type="Edm.Boolean" Mode="In" Nullable="true"/>
                </FunctionImport>
                <FunctionImport Name="ZSFH_C_SalesOrderHeaderPreparation" ReturnType="ZSFH_C_SALESORDERHEADER_CDS.ZSFH_C_SalesOrderHeaderType" EntitySet="ZSFH_C_SalesOrderHeader" m:HttpMethod="POST" sap:action-for="ZSFH_C_SALESORDERHEADER_CDS.ZSFH_C_SalesOrderHeaderType" sap:applicable-path="Preparation_ac">
                    <Parameter Name="node_key" Type="Edm.Guid" Mode="In"/>
                    <Parameter Name="IsActiveEntity" Type="Edm.Boolean" Mode="In"/>
                    <Parameter Name="SideEffectsQualifier" Type="Edm.String" Mode="In" Nullable="true"/>
                </FunctionImport>
                <FunctionImport Name="ZSFH_C_SalesOrderHeaderSet_bilstat_paid" ReturnType="ZSFH_C_SALESORDERHEADER_CDS.ZSFH_C_SalesOrderHeaderType" EntitySet="ZSFH_C_SalesOrderHeader" m:HttpMethod="POST" sap:action-for="ZSFH_C_SALESORDERHEADER_CDS.ZSFH_C_SalesOrderHeaderType" sap:applicable-path="Set_bilstat_paid_ac">
                    <Parameter Name="node_key" Type="Edm.Guid" Mode="In"/>
                    <Parameter Name="IsActiveEntity" Type="Edm.Boolean" Mode="In"/>
                </FunctionImport>
                <FunctionImport Name="ZSFH_C_SalesOrderHeaderValidation" ReturnType="ZSFH_C_SALESORDERHEADER_CDS.ValidationFunctionResult" m:HttpMethod="GET" sap:action-for="ZSFH_C_SALESORDERHEADER_CDS.ZSFH_C_SalesOrderHeaderType" sap:applicable-path="Validation_ac">
                    <Parameter Name="node_key" Type="Edm.Guid" Mode="In"/>
                    <Parameter Name="IsActiveEntity" Type="Edm.Boolean" Mode="In"/>
                    <Parameter Name="SideEffectsQualifier" Type="Edm.String" Mode="In" Nullable="true"/>
                </FunctionImport>
                <FunctionImport Name="ZSFH_C_SalesOrderItemPreparation" ReturnType="ZSFH_C_SALESORDERHEADER_CDS.ZSFH_C_SalesOrderItemType" EntitySet="ZSFH_C_SalesOrderItem" m:HttpMethod="POST" sap:action-for="ZSFH_C_SALESORDERHEADER_CDS.ZSFH_C_SalesOrderItemType" sap:applicable-path="Preparation_ac">
                    <Parameter Name="node_key" Type="Edm.Guid" Mode="In"/>
                    <Parameter Name="IsActiveEntity" Type="Edm.Boolean" Mode="In"/>
                    <Parameter Name="SideEffectsQualifier" Type="Edm.String" Mode="In" Nullable="true"/>
                </FunctionImport>
                <FunctionImport Name="ZSFH_C_SalesOrderItemValidation" ReturnType="ZSFH_C_SALESORDERHEADER_CDS.ValidationFunctionResult" m:HttpMethod="GET" sap:action-for="ZSFH_C_SALESORDERHEADER_CDS.ZSFH_C_SalesOrderItemType" sap:applicable-path="Validation_ac">
                    <Parameter Name="node_key" Type="Edm.Guid" Mode="In"/>
                    <Parameter Name="IsActiveEntity" Type="Edm.Boolean" Mode="In"/>
                    <Parameter Name="SideEffectsQualifier" Type="Edm.String" Mode="In" Nullable="true"/>
                </FunctionImport>
            </EntityContainer>
            <Annotations
                xmlns="http://docs.oasis-open.org/odata/ns/edm" Target="ZSFH_C_SALESORDERHEADER_CDS.ZSFH_C_SALESORDERHEADER_CDS_Entities/ZSFH_C_SalesOrderHeader">
                <Annotation Term="Common.DraftRoot">
                    <Record>
                        <PropertyValue Property="ActivationAction" String="ZSFH_C_SALESORDERHEADER_CDS.ZSFH_C_SALESORDERHEADER_CDS_Entities/ZSFH_C_SalesOrderHeaderActivation"/>
                        <PropertyValue Property="EditAction" String="ZSFH_C_SALESORDERHEADER_CDS.ZSFH_C_SALESORDERHEADER_CDS_Entities/ZSFH_C_SalesOrderHeaderEdit"/>
                        <PropertyValue Property="PreparationAction" String="ZSFH_C_SALESORDERHEADER_CDS.ZSFH_C_SALESORDERHEADER_CDS_Entities/ZSFH_C_SalesOrderHeaderPreparation"/>
                        <PropertyValue Property="ValidationFunction" String="ZSFH_C_SALESORDERHEADER_CDS.ZSFH_C_SALESORDERHEADER_CDS_Entities/ZSFH_C_SalesOrderHeaderValidation"/>
                    </Record>
                </Annotation>
            </Annotations>
            <Annotations
                xmlns="http://docs.oasis-open.org/odata/ns/edm" Target="ZSFH_C_SALESORDERHEADER_CDS.ZSFH_C_SALESORDERHEADER_CDS_Entities/ZSFH_C_SalesOrderItem">
                <Annotation Term="Common.DraftNode">
                    <Record>
                        <PropertyValue Property="PreparationAction" String="ZSFH_C_SALESORDERHEADER_CDS.ZSFH_C_SALESORDERHEADER_CDS_Entities/ZSFH_C_SalesOrderItemPreparation"/>
                        <PropertyValue Property="ValidationFunction" String="ZSFH_C_SALESORDERHEADER_CDS.ZSFH_C_SALESORDERHEADER_CDS_Entities/ZSFH_C_SalesOrderItemValidation"/>
                    </Record>
                </Annotation>
                <Annotation Term="Common.DraftActivationVia">
                    <Collection>
                        <String>ZSFH_C_SALESORDERHEADER_CDS.ZSFH_C_SALESORDERHEADER_CDS_Entities/ZSFH_C_SalesOrderHeader</String>
                    </Collection>
                </Annotation>
            </Annotations>
            <Annotations
                xmlns="http://docs.oasis-open.org/odata/ns/edm" Target="ZSFH_C_SALESORDERHEADER_CDS.ZSFH_C_SalesOrderHeaderType">
                <Annotation Term="Common.SemanticKey">
                    <Collection>
                        <PropertyPath>so_id</PropertyPath>
                    </Collection>
                </Annotation>
            </Annotations>
            <Annotations
                xmlns="http://docs.oasis-open.org/odata/ns/edm" Target="ZSFH_C_SALESORDERHEADER_CDS.ZSFH_C_SalesOrderItemType">
                <Annotation Term="Common.SemanticKey">
                    <Collection>
                        <PropertyPath>so_item_pos</PropertyPath>
                    </Collection>
                </Annotation>
            </Annotations>
            <atom:link
                xmlns:atom="http://www.w3.org/2005/Atom" rel="self" href="./sap/ZSFH_C_SALESORDERHEADER_CDS/$metadata"/>
                <atom:link
                    xmlns:atom="http://www.w3.org/2005/Atom" rel="latest-version" href="./sap/ZSFH_C_SALESORDERHEADER_CDS/$metadata"/>
                </Schema>
            </edmx:DataServices>
        </edmx:Edmx>