{
  "technicalsystem": "0xe000",
  "systemjava": "0xe001",
  "systemabap": "0xe002",
  "systemrecommendations": "0xe003",
  "system": "0xe004",
  "systemtrex": "0xe005",
  "systemtracks": "0xe006",
  "technicalinstance": "0xe008",
  "technicalscenario": "0xe007",
  "throughput-backlog": "0xe009",
  "batch-processing": "0xe00a",
  "database-consistency": "0xe00b",
  "intermediate-message": "0xe00c",
  "exceptions": "0xe00d",
  "system-hana": "0xe00e",
  "python": "0xe00f",
  "raise-fault": "0xe010",
  "code1": "0xe011",
  "code2": "0xe012",
  "spike-arrest": "0xe013",
  "verify-api": "0xe014",
  "user": "0xe015",
  "note": "0xe016",
  "throwing-message": "0xe017",
  "catching-message": "0xe018",
  "start-event": "0xe019",
  "end-event": "0xe01a",
  "gateway": "0xe01b",
  "sub-process-marker": "0xe01c",
  "ad-hoc-marker": "0xe01d",
  "manual-task": "0xe01e",
  "send-task": "0xe01f",
  "receive-task": "0xe020",
  "script-task": "0xe021",
  "marquee": "0xe022",
  "data-input-arrow": "0xe023",
  "data-output-arrow": "0xe024",
  "more": "0xe025",
  "pattern": "0xe026",
  "task": "0xe027",
  "arrow": "0xe028",
  "data": "0xe029",
  "data-store": "0xe02a",
  "pool": "0xe02b",
  "swimlane": "0xe02c",
  "select": "0xe02d",
  "cursor": "0xe02e",
  "api": "0xe02f",
  "o-data": "0xe030",
  "java": "0xe031",
  "value-mapping": "0xe032",
  "terminate-end-event": "0xe033",
  "parallel-gateway": "0xe034",
  "exclusive-gateway": "0xe035",
  "service-task": "0xe036",
  "workflow-editor": "0xe037",
  "boundary-interrupting": "0xe038",
  "boundary-non-interrupting": "0xe039",
  "block": "0xe03A",
  "constrain-block": "0xe03B",
  "actor": "0xe03C",
  "instance-specification": "0xe03D",
  "value-type": "0xe03E",
  "interface-block": "0xe03F",
  "unit": "0xe040",
  "signal": "0xe041",
  "quantity-kind": "0xe042",
  "item-flow": "0xe043",
  "dependency": "0xe044",
  "generalization": "0xe045",
  "aggregation": "0xe046",
  "composition": "0xe047",
  "association": "0xe048",
  "port": "0xe049",
  "proxy-port": "0xe04A",
  "full-port": "0xe04B",
  "operations": "0xe04C",
  "constrains": "0xe04D",
  "receptions": "0xe04E",
  "references": "0xe04F",
  "parts": "0xe050",
  "flow": "0xe051",
  "values": "0xe052",
  "bill-of-material": "0xe053",
  "document-info-recording": "0xe054",
  "use-case-diagram": "0xe055",
  "bdd-diagram": "0xe056",
  "requirement-diagram": "0xe057",
  "package-diagram": "0xe058",
  "internal-block-diagram": "0xe059",
  "requirement-containment-relationship": "0xe05A",
  "use-case": "0xe05B",
  "use-case-extension-point": "0xe05C",
  "communication-path": "0xe05D",
  "note-connection": "0xe05E",
  "subject": "0xe05F",
  "auto-layout": "0xe060",
  "required-interface": "0xe061",
  "provided-interface": "0xe062",
  "sub-content": "0xe063",
  "connector": "0xe064",
  "local-process-call": "0xe065",
  "aggregator": "0xe066",
  "splitter": "0xe067",
  "converter": "0xe068",
  "content-modifier": "0xe069",
  "message-start-event": "0xe06A",
  "message-end-event": "0xe06B",
  "escalation-end-event": "0xe06C",
  "start-timer-event": "0xe06D",
  "error-start-event": "0xe06E",
  "error-end-event": "0xe06F",
  "content-enricher": "0xe070",
  "realization": "0xe071",
  "interface": "0xe07"
}


