{"_sap_m_Bar_AppHeight":"3333px","_sap_m_Bar_HeaderHeight":"68px","_sap_m_Bar_MinHeightForHeader":"3401px","_sap_m_ColorPalette_SwatchesPerRow":"5","_sap_m_ColorPalette_SwatchContainerPaddingLeftRightCozy":"0.6875rem","_sap_m_ColorPalette_SwatchContainerPaddingTopBottomCozy":"0.3125rem","_sap_m_ColorPalette_SwatchWidthHitAreaCozy":"2.375rem","_sap_m_ColorPalette_SwatchWidthCozy":"1.75rem","_sap_m_ColorPalette_SwatchContainerPaddingLeftRightCompact":"0.8125rem","_sap_m_ColorPalette_SwatchContainerPaddingTopBottomCompact":"0.1875rem","_sap_m_ColorPalette_SwatchWidthHitAreaCompact":"1.625rem","_sap_m_ColorPalette_SwatchWidthCompact":"1.25rem","_sap_m_ColorPalette_SwatchContainerPaddingLeftRightPhone":"0.625rem","_sap_m_ColorPalette_SwatchContainerPaddingTopBottomPhone":"0.375rem","_sap_m_ColorPalette_SwatchMaxWidthPhone":"4.5rem","_sap_m_ColorPalette_SwatchMarginPhone":"0.375rem","_sap_m_Dialog_MarginHeight":"7%","_sap_m_Dialog_BarHeight":"3rem","_sap_m_Dialog_BarCompactHeight":"2.5rem","_sap_m_Dialog_Padding":"1rem","_sap_m_LightBox_MinHeight":"18rem","_sap_m_LightBox_FooterOneLineHeightDesktop":"2.5rem","_sap_m_LightBox_FooterTwoLinesHeightDesktop":"4rem","_sap_m_LightBox_FooterOneLineHeightMobile":"3rem","_sap_m_LightBox_FooterTwoLinesHeightMobile":"4.5rem","_sap_m_LightBox_BusyIndicatorHeight":"1rem","_sap_m_NotificationListBase_ContainerPaddingLeft":"1.5rem","_sap_m_NotificationListBase_ContainerPadding":"1rem","_sap_m_NotificationListBase_CloseButtonSize":"2.5rem","_sap_m_NotificationListBase_CloseButtonCompactSize":"1.625rem","_sap_m_NotificationListBase_CloseButtonCozyPosition":"0.25rem","_sap_m_NotificationListBase_CloseButtonCompactPosition":"0.5rem","_sap_m_NotificationListGroup_ContainerPadding":"1rem","_sap_m_NotificationListGroup_BottomMargin":"0.5rem","_sap_m_NotificationListGroup_BorderRadius":"0.25rem","_sap_m_NotificationListItem_ContainerPadding":"1rem","_sap_m_NotificationListItem_ContainerPaddingLeft":"1.5rem","_sap_m_OnePersonGrid_RowHeadersWidth":"4rem","_sap_m_OnePersonGrid_RowHeight":"4rem","_sap_m_OnePersonGrid_CompactRowHeight":"3rem","_sap_m_Page_AppHeight":"3333px","_sap_m_Page_HeaderHeight":"68px","_sap_m_Page_MinHeightForHeader":"3401px","_sap_m_Popover_ForceCompactArrowOffset":"true","_sap_m_SelectListItem_Height":"2.5rem","_sap_m_SelectListItem_CompactHeight":"2rem","_sap_m_Shell_AppWidthLimit":"1280px","_sap_m_Shell_AppWidthLimitBy2":"640px","_sap_m_Shell_AppWidthLimitPlusPadding":"1296px","_sap_m_Shell_AppHeight":"3333px","_sap_m_Shell_HeaderHeight":"68px","_sap_m_Shell_MinHeightForHeader":"3401px","_sap_m_Shell_MinWidthForLogoAside":"1480px","_sap_m_Shell_MinWidthForBigLogoAside":"1680px","_sap_m_SplitContainer_AppHeight":"3333px","_sap_m_SplitContainer_HeaderHeight":"68px","_sap_m_SplitContainer_MinHeightForHeader":"3401px","_sap_m_Switch_OnPosition":"-32","_sap_m_Switch_OffPosition":"0","_sap_m_Switch_TransitionTime":"175","_sap_m_Token_TokenPadding":"0.5rem","_sap_m_Token_TokenCompactPadding":"0.25rem","_sap_m_Token_TokenSize":"2rem","_sap_m_Token_TokenCompactSize":"1.25rem","_sap_m_Tokenizer_OutlineOffset":"3px","_sap_m_Wizard_NavHeight":"4rem","_sap_m_WizardProgressNavigator_NavHeight":"4rem","_sap_m_WizardProgressNavigator_ListHeight":"2rem","_sap_m_WizardProgressNavigator_StepWidth":"2rem","_sap_m_WizardProgressNavigator_StepPadding":"0.5rem","_sap_m_WizardProgressNavigator_SmallSeparator":"0.25rem","_sap_m_WizardProgressNavigator_StepUnderlineHeight":"0.125rem","_sap_m_WizardProgressNavigator_StepOverlapOnPhone":"1.75rem"}