<core:FragmentDefinition xmlns="sap.m" xmlns:smartfilterbar="sap.ui.comp.smartfilterbar" xmlns:core="sap.ui.core">
	<smartfilterbar:ControlConfiguration key="pricerange" index="1" label="Custom Filter" groupId="_BASIC">
		<smartfilterbar:customControl>
			<ComboBox id="id">
				<core:Item key="0" text="Item1"/>
				<core:Item key="1" text="Item2"/>
				<core:Item key="2" text="Item3"/>
			</ComboBox>
		</smartfilterbar:customControl>
	</smartfilterbar:ControlConfiguration>
</core:FragmentDefinition>