{"default":{"_sap_m_Bar_AppHeight":"3333px","_sap_m_Bar_HeaderHeight":"68px","_sap_m_Bar_MinHeightForHeader":"3401px","_sap_m_ColorPalette_SwatchesPerRow":"5","_sap_m_ColorPalette_SwatchContainerPaddingLeftRightCozy":"0.6875rem","_sap_m_ColorPalette_SwatchContainerPaddingTopBottomCozy":"0.3125rem","_sap_m_ColorPalette_SwatchWidthHitAreaCozy":"2.375rem","_sap_m_ColorPalette_SwatchWidthCozy":"1.75rem","_sap_m_ColorPalette_SwatchContainerPaddingLeftRightCompact":"0.8125rem","_sap_m_ColorPalette_SwatchContainerPaddingTopBottomCompact":"0.1875rem","_sap_m_ColorPalette_SwatchWidthHitAreaCompact":"1.625rem","_sap_m_ColorPalette_SwatchWidthCompact":"1.25rem","_sap_m_ColorPalette_SwatchContainerPaddingLeftRightPhone":"0.625rem","_sap_m_ColorPalette_SwatchContainerPaddingTopBottomPhone":"0.375rem","_sap_m_ColorPalette_SwatchMaxWidthPhone":"4.5rem","_sap_m_ColorPalette_SwatchMarginPhone":"0.375rem","_sap_m_Dialog_MarginHeight":"7%","_sap_m_Dialog_BarHeight":"3rem","_sap_m_Dialog_BarCompactHeight":"2.5rem","_sap_m_Dialog_Padding":"1rem","_sap_m_LightBox_MinHeight":"18rem","_sap_m_LightBox_FooterOneLineHeightDesktop":"2.5rem","_sap_m_LightBox_FooterTwoLinesHeightDesktop":"4rem","_sap_m_LightBox_FooterOneLineHeightMobile":"3rem","_sap_m_LightBox_FooterTwoLinesHeightMobile":"4.5rem","_sap_m_LightBox_BusyIndicatorHeight":"1rem","_sap_m_NotificationListBase_ContainerPaddingLeft":"1.5rem","_sap_m_NotificationListBase_ContainerPadding":"1rem","_sap_m_NotificationListBase_CloseButtonSize":"2.5rem","_sap_m_NotificationListBase_CloseButtonCompactSize":"1.625rem","_sap_m_NotificationListBase_CloseButtonCozyPosition":"0.25rem","_sap_m_NotificationListBase_CloseButtonCompactPosition":"0.5rem","_sap_m_NotificationListGroup_ContainerPadding":"1rem","_sap_m_NotificationListGroup_BottomMargin":"0.5rem","_sap_m_NotificationListGroup_BorderRadius":"0.25rem","_sap_m_NotificationListItem_ContainerPadding":"1rem","_sap_m_NotificationListItem_ContainerPaddingLeft":"1.5rem","_sap_m_OnePersonGrid_RowHeadersWidth":"4rem","_sap_m_OnePersonGrid_RowHeight":"4rem","_sap_m_OnePersonGrid_CompactRowHeight":"3rem","_sap_m_Page_AppHeight":"3333px","_sap_m_Page_HeaderHeight":"68px","_sap_m_Page_MinHeightForHeader":"3401px","_sap_m_Popover_ForceCompactArrowOffset":"true","_sap_m_SelectListItem_Height":"2.5rem","_sap_m_SelectListItem_CompactHeight":"2rem","_sap_m_Shell_AppWidthLimit":"1280px","_sap_m_Shell_AppWidthLimitBy2":"640px","_sap_m_Shell_AppWidthLimitPlusPadding":"1296px","_sap_m_Shell_AppHeight":"3333px","_sap_m_Shell_HeaderHeight":"68px","_sap_m_Shell_MinHeightForHeader":"3401px","_sap_m_Shell_MinWidthForLogoAside":"1480px","_sap_m_Shell_MinWidthForBigLogoAside":"1680px","_sap_m_SplitContainer_AppHeight":"3333px","_sap_m_SplitContainer_HeaderHeight":"68px","_sap_m_SplitContainer_MinHeightForHeader":"3401px","_sap_m_Switch_OnPosition":"-32","_sap_m_Switch_OffPosition":"0","_sap_m_Switch_TransitionTime":"175","_sap_m_Token_TokenPadding":"0.5rem","_sap_m_Token_TokenCompactPadding":"0.25rem","_sap_m_Token_TokenSize":"2rem","_sap_m_Token_TokenCompactSize":"1.25rem","_sap_m_Tokenizer_OutlineOffset":"3px","_sap_m_Wizard_NavHeight":"4rem","_sap_m_WizardProgressNavigator_NavHeight":"4rem","_sap_m_WizardProgressNavigator_ListHeight":"2rem","_sap_m_WizardProgressNavigator_StepWidth":"2rem","_sap_m_WizardProgressNavigator_StepPadding":"0.5rem","_sap_m_WizardProgressNavigator_SmallSeparator":"0.25rem","_sap_m_WizardProgressNavigator_StepUnderlineHeight":"0.125rem","_sap_m_WizardProgressNavigator_StepOverlapOnPhone":"1.75rem","_sap_m_Button_EmphasizedFocusColor":"#000000","_sap_m_CheckBox_SelectedWarningColor":"#000000","_sap_m_Dialog_HeaderShadowColor":"#ebebeb","_sap_m_FeedInput_BackgroundColor":"#ceddec","_sap_m_HeaderContainer_TranslucentBackground":"#eff4f9","_sap_m_IconTabBar_TextHoverColor":"#1a1a1a","_sap_m_IconTabBar_SelectedTextColor":"#3b6f9a","_sap_m_IconTabBar_SelectedTextHoverColor":"#346187","_sap_m_Link_TextShadowColor":"none","_sap_m_ListItemBase_ListTextShadowColor":"none","_sap_m_NotificationListBase_Background":"#ffffff","_sap_m_NotificationListGroup_CombinationBackground":"#ffffff","_sap_m_NewsContent_HeaderTextColor":"#ffffff","_sap_m_NewsContent_SubHeaderTextColor":"#d9d9d9","_sap_m_ObjectAttribute_ListTextShadowColor":"none","_sap_m_ObjectMarker_LinkShadowColor":"none","_sap_m_ObjectNumber_TextShadowColor":"none","_sap_m_ObjectStatus_TextShadowColor":"none","_sap_m_OnePersonGrid_HoursBackground":"#f7f7f7","_sap_m_OnePerCal_sapUiCalendarAppType01":"#ad7900","_sap_m_OnePerCal_sapUiCalendarAppType02":"#dc5c0c","_sap_m_OnePerCal_sapUiCalendarAppType03":"#c14646","_sap_m_OnePerCal_sapUiCalendarAppType04":"#853808","_sap_m_OnePerCal_sapUiCalendarAppType05":"#da3fb9","_sap_m_OnePerCal_sapUiCalendarAppType06":"#008bc7","_sap_m_OnePerCal_sapUiCalendarAppType07":"#198f8f","_sap_m_OnePerCal_sapUiCalendarAppType08":"#6e8c1f","_sap_m_OnePerCal_sapUiCalendarAppType09":"#648796","_sap_m_OnePerCal_sapUiCalendarAppType10":"#80196a","_sap_m_OnePerCal_sapUiCalendarAppType11":"#6f5925","_sap_m_OnePerCal_sapUiCalendarAppType12":"#b64600","_sap_m_OnePerCal_sapUiCalendarAppType13":"#d61818","_sap_m_OnePerCal_sapUiCalendarAppType14":"#976c52","_sap_m_OnePerCal_sapUiCalendarAppType15":"#73596d","_sap_m_OnePerCal_sapUiCalendarAppType16":"#5d759e","_sap_m_OnePerCal_sapUiCalendarAppType17":"#466c6c","_sap_m_OnePerCal_sapUiCalendarAppType18":"#626b4a","_sap_m_OnePerCal_sapUiCalendarAppType19":"#284d5d","_sap_m_OnePerCal_sapUiCalendarAppType20":"#1851b0","_sap_m_OnePerCal_sapUiCalendarRowAppsIntHeadType01":"#fff6e0","_sap_m_OnePerCal_sapUiCalendarRowAppsIntHeadType02":"#feeee5","_sap_m_OnePerCal_sapUiCalendarRowAppsIntHeadType03":"#f7e6e6","_sap_m_OnePerCal_sapUiCalendarRowAppsIntHeadType04":"#f9efe9","_sap_m_OnePerCal_sapUiCalendarRowAppsIntHeadType05":"#fdf2fa","_sap_m_OnePerCal_sapUiCalendarRowAppsIntHeadType06":"#f0f7fa","_sap_m_OnePerCal_sapUiCalendarRowAppsIntHeadType07":"#f2fdfd","_sap_m_OnePerCal_sapUiCalendarRowAppsIntHeadType08":"#f3f9e4","_sap_m_OnePerCal_sapUiCalendarRowAppsIntHeadType09":"#f5fcff","_sap_m_OnePerCal_sapUiCalendarRowAppsIntHeadType10":"#f7edf5","_sap_m_OnePerCal_sapUiCalendarRowAppsIntHeadType11":"#ffeec6","_sap_m_OnePerCal_sapUiCalendarRowAppsIntHeadType12":"#fbdfce","_sap_m_OnePerCal_sapUiCalendarRowAppsIntHeadType13":"#ffdcdc","_sap_m_OnePerCal_sapUiCalendarRowAppsIntHeadType14":"#f2e2d8","_sap_m_OnePerCal_sapUiCalendarRowAppsIntHeadType15":"#f0e5ee","_sap_m_OnePerCal_sapUiCalendarRowAppsIntHeadType16":"#e7e8ea","_sap_m_OnePerCal_sapUiCalendarRowAppsIntHeadType17":"#d7eaea","_sap_m_OnePerCal_sapUiCalendarRowAppsIntHeadType18":"#e6edd1","_sap_m_OnePerCal_sapUiCalendarRowAppsIntHeadType19":"#cfebf7","_sap_m_OnePerCal_sapUiCalendarRowAppsIntHeadType20":"#ffffff","_sap_m_RadioButton_SelectedWarningColor":"#000000","_sap_m_RangeSlider_HandleHoverBackground":"rgba(217, 217, 217, 0.6)","_sap_m_RangeSlider_HandleBorderColor":"#999999","_sap_m_RatingIndicator_IconUnselectedColor":"#999999","_sap_m_RatingIndicator_IconHoverColor":"#c78b00","_sap_m_SelectListItemBelizeFocus_Height":"4px","_sap_m_Slider_Background":"#dddddd","_sap_m_Slider_HandleBorderColor":"#999999","_sap_m_Slider_HandleHoverBackground":"rgba(217, 217, 217, 0.6)","_sap_m_StandardListItem_TextShadowColor":"none","_sap_m_StandardListItem_SelectedLabelColor":"#666666","_sap_m_Switch_OffBackground":"#ffffff","_sap_m_Switch_OffBorderColor":"#ababab","_sap_m_TabStrip_ItemHoverTextColor":"#1a1a1a","_sap_m_TabStrip_ItemSelectedTextColor":"#000000","_sap_m_TileContent_NewsFooterTextColor":"#d9d9d9","_sap_m_TimePicker_ItemColor":"#f2f2f2","_sap_m_TimePicker_ItemHoverColor":"#d9d9d9","_sap_m_TimePicker_ItemBorderColor":"#ffffff","_sap_m_Token_BorderColor":"#dedede","_sap_m_Token_HoverBorderColor":"#dedede","_sap_m_ViewSettingsDialog_HeaderBorderColor":"#ebebeb","_sap_m_WizardProgressNavigator_NavAnchorCircleHoverColor":"#ffffff","_sap_m_WizardProgressNavigator_NavAnchorTitleSelectedTextColor":"#000000","_sap_m_WizardProgressNavigator_NavAnchorTitleHoverTextColor":"#1a1a1a"},"scopes":{"sapContrastPlus":{"_sap_m_CheckBox_SelectedWarningColor":"#fabd64","_sap_m_Dialog_HeaderShadowColor":"#4f667a","_sap_m_FeedInput_BackgroundColor":"#69859d","_sap_m_HeaderContainer_TranslucentBackground":"rgba(63, 81, 97, 0.6)","_sap_m_IconTabBar_TextHoverColor":"#ffffff","_sap_m_IconTabBar_SelectedTextColor":"#91c8f6","_sap_m_IconTabBar_SelectedTextHoverColor":"#c0e0fa","_sap_m_Link_TextShadowColor":"0 0 0.125rem #000000","_sap_m_ListItemBase_ListTextShadowColor":"0 0 0.125rem #000000","_sap_m_NotificationListBase_Background":"rgba(63, 81, 97, 0.6)","_sap_m_NotificationListGroup_CombinationBackground":"#3f5161","_sap_m_NewsContent_HeaderTextColor":"#fafafa","_sap_m_NewsContent_SubHeaderTextColor":"#dddddd","_sap_m_ObjectMarker_LinkShadowColor":"0 0 0.125rem #000000","_sap_m_ObjectNumber_TextShadowColor":"0 0 0.125rem #000000","_sap_m_ObjectStatus_TextShadowColor":"0 0 0.125rem #000000","_sap_m_OnePersonGrid_HoursBackground":"#5b758c","_sap_m_RadioButton_SelectedWarningColor":"#fabd64","_sap_m_RangeSlider_HandleHoverBackground":"rgba(43, 55, 66, 0.6)","_sap_m_RangeSlider_HandleBorderColor":"#536b80","_sap_m_RatingIndicator_IconUnselectedColor":"#9dafbf","_sap_m_RatingIndicator_IconHoverColor":"#faaf00","_sap_m_Slider_Background":"#69859d","_sap_m_Slider_HandleBorderColor":"#a6b7c6","_sap_m_Slider_HandleHoverBackground":"rgba(105, 133, 157, 0.6)","_sap_m_StandardListItem_TextShadowColor":"0 0 0.125rem #000000","_sap_m_StandardListItem_SelectedLabelColor":"#e7e7e7","_sap_m_Switch_OffBackground":"#3f5161","_sap_m_Switch_OffBorderColor":"#97aabb","_sap_m_TabStrip_ItemHoverTextColor":"#ffffff","_sap_m_TabStrip_ItemSelectedTextColor":"#ffffff","_sap_m_TileContent_NewsFooterTextColor":"#dddddd","_sap_m_TimePicker_ItemColor":"#4d6377","_sap_m_TimePicker_ItemHoverColor":"#415464","_sap_m_TimePicker_ItemBorderColor":"#3f5161","_sap_m_Token_BorderColor":"#617d96","_sap_m_Token_HoverBorderColor":"#597389","_sap_m_ViewSettingsDialog_HeaderBorderColor":"#4f667a","_sap_m_WizardProgressNavigator_NavAnchorCircleHoverColor":"#354452","_sap_m_WizardProgressNavigator_NavAnchorTitleSelectedTextColor":"#ffffff","_sap_m_WizardProgressNavigator_NavAnchorTitleHoverTextColor":"#ffffff"}}}