<edmx:Edmx
    xmlns:edmx="http://docs.oasis-open.org/odata/ns/edmx" Version="4.0">
    <edmx:Reference Uri="../../catalogservice;v=2/Vocabularies(TechnicalName='%2FIWBEP%2FVOC_COMMON',Version='0001',SAP__Origin='LOCAL')/$value">
        <edmx:Include Namespace="com.sap.vocabularies.Common.v1" Alias="Common"/>
    </edmx:Reference>
    <edmx:Reference Uri="../../catalogservice;v=2/Vocabularies(TechnicalName='%2FIWBEP%2FVOC_UI',Version='0001',SAP__Origin='LOCAL')/$value">
        <edmx:Include Namespace="com.sap.vocabularies.UI.v1" Alias="UI"/>
    </edmx:Reference>
    <edmx:Reference Uri="../../catalogservice;v=2/Vocabularies(TechnicalName='%2FIWBEP%2FVOC_COMMUNICATION',Version='0001',SAP__Origin='LOCAL')/$value">
        <edmx:Include Namespace="com.sap.vocabularies.Communication.v1" Alias="Communication"/>
    </edmx:Reference>
    <edmx:Reference Uri="../../../sap/zsfh_c_salesorderheader_cds/$metadata">
        <edmx:Include Namespace="ZSFH_C_SALESORDERHEADER_CDS" Alias="SAP"/>
    </edmx:Reference>
    <edmx:DataServices>
        <Schema
            xmlns="http://docs.oasis-open.org/odata/ns/edm" Namespace="zsfh_c_salesorderheader_cds_van.v1">
            <Annotations Target="ZSFH_C_SALESORDERHEADER_CDS.I_DraftAdministrativeDataType/DraftUUID">
                <Annotation Term="Common.FieldControl" EnumMember="Common.FieldControlType/Hidden"/>
                <Annotation Term="UI.Hidden"/>
            </Annotations>
            <Annotations Target="ZSFH_C_SALESORDERHEADER_CDS.I_DraftAdministrativeDataType/DraftIsKeptByUser">
                <Annotation Term="Common.FieldControl" EnumMember="Common.FieldControlType/Hidden"/>
                <Annotation Term="UI.Hidden"/>
            </Annotations>
            <Annotations Target="ZSFH_C_SALESORDERHEADER_CDS.I_DraftAdministrativeDataType/EnqueueStartDateTime">
                <Annotation Term="Common.FieldControl" EnumMember="Common.FieldControlType/Hidden"/>
                <Annotation Term="UI.Hidden"/>
            </Annotations>
            <Annotations Target="ZSFH_C_SALESORDERHEADER_CDS.I_DraftAdministrativeDataType/DraftIsCreatedByMe">
                <Annotation Term="Common.FieldControl" EnumMember="Common.FieldControlType/Hidden"/>
                <Annotation Term="UI.Hidden"/>
            </Annotations>
            <Annotations Target="ZSFH_C_SALESORDERHEADER_CDS.I_DraftAdministrativeDataType/DraftIsLastChangedByMe">
                <Annotation Term="Common.FieldControl" EnumMember="Common.FieldControlType/Hidden"/>
                <Annotation Term="UI.Hidden"/>
            </Annotations>
            <Annotations Target="ZSFH_C_SALESORDERHEADER_CDS.I_DraftAdministrativeDataType/DraftIsProcessedByMe">
                <Annotation Term="Common.FieldControl" EnumMember="Common.FieldControlType/Hidden"/>
                <Annotation Term="UI.Hidden"/>
            </Annotations>
            <Annotations Target="ZSFH_C_SALESORDERHEADER_CDS.I_DraftAdministrativeDataType/CreatedByUserDescription">
                <Annotation Term="Common.FieldControl" EnumMember="Common.FieldControlType/Hidden"/>
                <Annotation Term="UI.Hidden"/>
            </Annotations>
            <Annotations Target="ZSFH_C_SALESORDERHEADER_CDS.I_DraftAdministrativeDataType/LastChangedByUserDescription">
                <Annotation Term="Common.FieldControl" EnumMember="Common.FieldControlType/Hidden"/>
                <Annotation Term="UI.Hidden"/>
            </Annotations>
            <Annotations Target="ZSFH_C_SALESORDERHEADER_CDS.I_DraftAdministrativeDataType/InProcessByUserDescription">
                <Annotation Term="Common.FieldControl" EnumMember="Common.FieldControlType/Hidden"/>
                <Annotation Term="UI.Hidden"/>
            </Annotations>
            <Annotations Target="ZSFH_C_SALESORDERHEADER_CDS.I_DraftAdministrativeDataType/DraftEntityType">
                <Annotation Term="Common.FieldControl" EnumMember="Common.FieldControlType/Hidden"/>
                <Annotation Term="UI.Hidden"/>
            </Annotations>
            <Annotations Target="ZSFH_C_SALESORDERHEADER_CDS.I_DraftAdministrativeDataType/DraftAccessType">
                <Annotation Term="Common.FieldControl" EnumMember="Common.FieldControlType/Hidden"/>
                <Annotation Term="UI.Hidden"/>
            </Annotations>
            <Annotations Target="ZSFH_C_SALESORDERHEADER_CDS.I_DraftAdministrativeDataType/ProcessingStartDateTime">
                <Annotation Term="Common.FieldControl" EnumMember="Common.FieldControlType/Hidden"/>
                <Annotation Term="UI.Hidden"/>
            </Annotations>
            <Annotations Target="ZSFH_C_SALESORDERHEADER_CDS.ZSFH_C_SalesOrderHeaderType/ActiveUUID">
                <Annotation Term="UI.HiddenFilter"/>
                <Annotation Term="Common.FieldControl" EnumMember="Common.FieldControlType/Hidden"/>
                <Annotation Term="UI.Hidden"/>
            </Annotations>
            <Annotations Target="ZSFH_C_SALESORDERHEADER_CDS.ZSFH_C_SalesOrderHeaderType/HasActiveEntity">
                <Annotation Term="UI.HiddenFilter"/>
                <Annotation Term="Common.FieldControl" EnumMember="Common.FieldControlType/Hidden"/>
                <Annotation Term="UI.Hidden"/>
            </Annotations>
            <Annotations Target="ZSFH_C_SALESORDERHEADER_CDS.ZSFH_C_SalesOrderHeaderType/HasDraftEntity">
                <Annotation Term="UI.HiddenFilter"/>
                <Annotation Term="Common.FieldControl" EnumMember="Common.FieldControlType/Hidden"/>
                <Annotation Term="UI.Hidden"/>
            </Annotations>
            <Annotations Target="ZSFH_C_SALESORDERHEADER_CDS.ZSFH_C_SalesOrderHeaderType/IsActiveEntity">
                <Annotation Term="UI.HiddenFilter"/>
                <Annotation Term="Common.FieldControl" EnumMember="Common.FieldControlType/Hidden"/>
                <Annotation Term="UI.Hidden"/>
            </Annotations>
            <Annotations Target="ZSFH_C_SALESORDERHEADER_CDS.ZSFH_C_SalesOrderHeaderType/node_key"/>
            <Annotations Target="ZSFH_C_SALESORDERHEADER_CDS.ZSFH_C_SalesOrderHeaderType/DraftEntityCreationDateTime">
                <Annotation Term="Common.FieldControl" EnumMember="Common.FieldControlType/Hidden"/>
                <Annotation Term="UI.Hidden"/>
            </Annotations>
            <Annotations Target="ZSFH_C_SALESORDERHEADER_CDS.ZSFH_C_SalesOrderHeaderType/DraftEntityLastChangeDateTime">
                <Annotation Term="Common.FieldControl" EnumMember="Common.FieldControlType/Hidden"/>
                <Annotation Term="UI.Hidden"/>
            </Annotations>
            <Annotations Target="ZSFH_C_SALESORDERHEADER_CDS.ZSFH_C_SalesOrderHeaderType/Activation_ac">
                <Annotation Term="Common.FieldControl" EnumMember="Common.FieldControlType/Hidden"/>
                <Annotation Term="UI.Hidden"/>
            </Annotations>
            <Annotations Target="ZSFH_C_SALESORDERHEADER_CDS.ZSFH_C_SalesOrderHeaderType/Edit_ac">
                <Annotation Term="Common.FieldControl" EnumMember="Common.FieldControlType/Hidden"/>
                <Annotation Term="UI.Hidden"/>
            </Annotations>
            <Annotations Target="ZSFH_C_SALESORDERHEADER_CDS.ZSFH_C_SalesOrderHeaderType/Preparation_ac">
                <Annotation Term="Common.FieldControl" EnumMember="Common.FieldControlType/Hidden"/>
                <Annotation Term="UI.Hidden"/>
            </Annotations>
            <Annotations Target="ZSFH_C_SALESORDERHEADER_CDS.ZSFH_C_SalesOrderHeaderType/Set_bilstat_paid_ac">
                <Annotation Term="Common.FieldControl" EnumMember="Common.FieldControlType/Hidden"/>
                <Annotation Term="UI.Hidden"/>
            </Annotations>
            <Annotations Target="ZSFH_C_SALESORDERHEADER_CDS.ZSFH_C_SalesOrderHeaderType/Validation_ac">
                <Annotation Term="Common.FieldControl" EnumMember="Common.FieldControlType/Hidden"/>
                <Annotation Term="UI.Hidden"/>
            </Annotations>
            <Annotations Target="ZSFH_C_SALESORDERHEADER_CDS.ZSFH_C_SalesOrderHeaderType">
                <Annotation Term="UI.DataPoint" Qualifier="net_amount">
                    <Record>
                        <PropertyValue Property="Value" Path="net_amount"/>
                        <PropertyValue Property="Title" String="Total Net"/>
                    </Record>
                </Annotation>
                <Annotation Term="UI.HeaderInfo">
                    <Record>
                        <PropertyValue Property="TypeName" String="Sales Order"/>
                        <PropertyValue Property="TypeNamePlural" String="Sales Orders (extension)"/>
                        <PropertyValue Property="Title">
                            <Record Type="UI.DataField">
                                <PropertyValue Property="Value" Path="so_id"/>
                            </Record>
                        </PropertyValue>
                    </Record>
                </Annotation>
                <Annotation Term="UI.Identification">
                    <Collection>
                        <Record Type="UI.DataField">
                            <PropertyValue Property="Value" Path="so_id"/>
                        </Record>
                        <Record Type="UI.DataField">
                            <PropertyValue Property="Value" Path="currency_code"/>
                        </Record>
                        <Record Type="UI.DataField">
                            <PropertyValue Property="Value" Path="gross_amount"/>
                        </Record>
                        <Record Type="UI.DataField">
                            <PropertyValue Property="Value" Path="net_amount"/>
                        </Record>
                        <Record Type="UI.DataField">
                            <PropertyValue Property="Value" Path="tax_amount"/>
                        </Record>
                        <Record Type="UI.DataField">
                            <PropertyValue Property="Value" Path="lifecycle_status"/>
                        </Record>
                        <Record Type="UI.DataField">
                            <PropertyValue Property="Value" Path="billing_status"/>
                        </Record>
                        <Record Type="UI.DataField">
                            <PropertyValue Property="Value" Path="delivery_status"/>
                        </Record>
                    </Collection>
                </Annotation>
                <Annotation Term="UI.LineItem">
                    <Collection>
                        <Record Type="UI.DataFieldForAction">
                            <PropertyValue Property="Label" String="Billing Status Paid"/>
                            <PropertyValue Property="Action" String="ZSFH_C_SALESORDERHEADER_CDS.ZSFH_C_SALESORDERHEADER_CDS_Entities/ZSFH_C_SalesOrderHeaderSet_bilstat_paid"/>
                            <PropertyValue Property="InvocationGrouping" EnumMember="UI.OperationGroupingType/Isolated"/>
                        </Record>
                        <Record Type="UI.DataField">
                            <PropertyValue Property="Label" String="Sales Order ID"/>
                            <PropertyValue Property="Value" Path="so_id"/>
                        </Record>
                        <Record Type="UI.DataField">
                            <PropertyValue Property="Label" String="Currency"/>
                            <PropertyValue Property="Value" Path="currency_code"/>
                        </Record>
                        <Record Type="UI.DataField">
                            <PropertyValue Property="Label" String="Lifecycle Status"/>
                            <PropertyValue Property="Value" Path="lifecycle_status"/>
                        </Record>
                        <Record Type="UI.DataField">
                            <PropertyValue Property="Label" String="Billing Status"/>
                            <PropertyValue Property="Value" Path="billing_status"/>
                        </Record>
                    </Collection>
                </Annotation>
                <Annotation Term="UI.SelectionFields">
                    <Collection>
                        <PropertyPath>so_id</PropertyPath>
                        <PropertyPath>currency_code</PropertyPath>
                        <PropertyPath>lifecycle_status</PropertyPath>
                    </Collection>
                </Annotation>
            </Annotations>
            <Annotations Target="ZSFH_C_SALESORDERHEADER_CDS.ZSFH_C_SalesOrderItemType/ActiveUUID">
                <Annotation Term="UI.HiddenFilter"/>
                <Annotation Term="Common.FieldControl" EnumMember="Common.FieldControlType/Hidden"/>
                <Annotation Term="UI.Hidden"/>
            </Annotations>
            <Annotations Target="ZSFH_C_SALESORDERHEADER_CDS.ZSFH_C_SalesOrderItemType/HasActiveEntity">
                <Annotation Term="UI.HiddenFilter"/>
                <Annotation Term="Common.FieldControl" EnumMember="Common.FieldControlType/Hidden"/>
                <Annotation Term="UI.Hidden"/>
            </Annotations>
            <Annotations Target="ZSFH_C_SALESORDERHEADER_CDS.ZSFH_C_SalesOrderItemType/HasDraftEntity">
                <Annotation Term="UI.HiddenFilter"/>
                <Annotation Term="Common.FieldControl" EnumMember="Common.FieldControlType/Hidden"/>
                <Annotation Term="UI.Hidden"/>
            </Annotations>
            <Annotations Target="ZSFH_C_SALESORDERHEADER_CDS.ZSFH_C_SalesOrderItemType/IsActiveEntity">
                <Annotation Term="UI.HiddenFilter"/>
                <Annotation Term="Common.FieldControl" EnumMember="Common.FieldControlType/Hidden"/>
                <Annotation Term="UI.Hidden"/>
            </Annotations>
            <Annotations Target="ZSFH_C_SALESORDERHEADER_CDS.ZSFH_C_SalesOrderItemType/node_key">
                <Annotation Term="Common.FieldControl" EnumMember="Common.FieldControlType/Hidden"/>
                <Annotation Term="UI.Hidden"/>
            </Annotations>
            <Annotations Target="ZSFH_C_SALESORDERHEADER_CDS.ZSFH_C_SalesOrderItemType/parent_key">
                <Annotation Term="Common.FieldControl" EnumMember="Common.FieldControlType/Hidden"/>
                <Annotation Term="UI.Hidden"/>
            </Annotations>
            <Annotations Target="ZSFH_C_SALESORDERHEADER_CDS.ZSFH_C_SalesOrderItemType/DraftEntityCreationDateTime">
                <Annotation Term="Common.FieldControl" EnumMember="Common.FieldControlType/Hidden"/>
                <Annotation Term="UI.Hidden"/>
            </Annotations>
            <Annotations Target="ZSFH_C_SALESORDERHEADER_CDS.ZSFH_C_SalesOrderItemType/DraftEntityLastChangeDateTime">
                <Annotation Term="Common.FieldControl" EnumMember="Common.FieldControlType/Hidden"/>
                <Annotation Term="UI.Hidden"/>
            </Annotations>
            <Annotations Target="ZSFH_C_SALESORDERHEADER_CDS.ZSFH_C_SalesOrderItemType/Preparation_ac">
                <Annotation Term="Common.FieldControl" EnumMember="Common.FieldControlType/Hidden"/>
                <Annotation Term="UI.Hidden"/>
            </Annotations>
            <Annotations Target="ZSFH_C_SALESORDERHEADER_CDS.ZSFH_C_SalesOrderItemType/Validation_ac">
                <Annotation Term="Common.FieldControl" EnumMember="Common.FieldControlType/Hidden"/>
                <Annotation Term="UI.Hidden"/>
            </Annotations>
            <Annotations Target="ZSFH_C_SALESORDERHEADER_CDS.ZSFH_C_SalesOrderItemType">
                <Annotation Term="UI.DataPoint" Qualifier="net_amount">
                    <Record>
                        <PropertyValue Property="Value" Path="net_amount"/>
                        <PropertyValue Property="Title" String="Total Net"/>
                    </Record>
                </Annotation>
                <Annotation Term="UI.HeaderInfo">
                    <Record>
                        <PropertyValue Property="TypeName" String="Sales Order Items"/>
                        <PropertyValue Property="TypeNamePlural" String="Sales Orders Items"/>
                        <PropertyValue Property="Title">
                            <Record Type="UI.DataField">
                                <PropertyValue Property="Value" Path="so_item_pos"/>
                            </Record>
                        </PropertyValue>
                    </Record>
                </Annotation>
                <Annotation Term="UI.Identification">
                    <Collection>
                        <Record Type="UI.DataField">
                            <PropertyValue Property="Value" Path="so_item_pos"/>
                        </Record>
                        <Record Type="UI.DataField">
                            <PropertyValue Property="Value" Path="currency_code"/>
                        </Record>
                        <Record Type="UI.DataField">
                            <PropertyValue Property="Value" Path="gross_amount"/>
                        </Record>
                        <Record Type="UI.DataField">
                            <PropertyValue Property="Value" Path="net_amount"/>
                        </Record>
                        <Record Type="UI.DataField">
                            <PropertyValue Property="Value" Path="tax_amount"/>
                        </Record>
                    </Collection>
                </Annotation>
                <Annotation Term="UI.LineItem">
                    <Collection>
                        <Record Type="UI.DataField">
                            <PropertyValue Property="Value" Path="so_item_pos"/>
                        </Record>
                        <Record Type="UI.DataField">
                            <PropertyValue Property="Value" Path="currency_code"/>
                        </Record>
                        <Record Type="UI.DataField">
                            <PropertyValue Property="Value" Path="gross_amount"/>
                        </Record>
                        <Record Type="UI.DataField">
                            <PropertyValue Property="Value" Path="net_amount"/>
                        </Record>
                        <Record Type="UI.DataField">
                            <PropertyValue Property="Value" Path="tax_amount"/>
                        </Record>
                    </Collection>
                </Annotation>
            </Annotations>
        </Schema>
    </edmx:DataServices>
</edmx:Edmx>