<?xml version="1.0" encoding="utf-8"?>
<edmx:Edmx xmlns:edmx="http://docs.oasis-open.org/odata/ns/edmx" Version="4.0">
	<edmx:Reference Uri="/sap/bc/ui5_ui5/ui2/ushell/resources/sap/ushell/components/factsheet/vocabularies/UI.xml">
		<edmx:Include Alias="UI" Namespace="com.sap.vocabularies.UI.v1"/>
	</edmx:Reference>
	<edmx:Reference Uri="/sap/opu/odata/sap/ZSFH_C_SALESORDERHEADER_CDS/$metadata">
		<edmx:Include Alias="ZSFH_C_SALESORDERHEADER_CDS" Namespace="ZSFH_C_SALESORDERHEADER_CDS"/>
	</edmx:Reference>
	<edmx:Reference Uri="http://docs.oasis-open.org/odata/odata-data-aggregation-ext/v4.0/cs02/vocabularies/Org.OData.Aggregation.V1.xml">
		<edmx:Include Alias="Aggregation" Namespace="Org.OData.Aggregation.V1"/>
	</edmx:Reference>
	<edmx:Reference Uri="http://docs.oasis-open.org/odata/odata/v4.0/errata03/os/complete/vocabularies/Org.OData.Capabilities.V1.xml">
		<edmx:Include Alias="Capabilities" Namespace="Org.OData.Capabilities.V1"/>
	</edmx:Reference>
	<edmx:Reference Uri="https://wiki.scn.sap.com/wiki/download/attachments/448470974/Common.xml?api=v2">
		<edmx:Include Alias="Common" Namespace="com.sap.vocabularies.Common.v1"/>
	</edmx:Reference>
	<edmx:Reference Uri="https://wiki.scn.sap.com/wiki/download/attachments/448470971/Communication.xml?api=v2">
		<edmx:Include Alias="vCard" Namespace="com.sap.vocabularies.Communication.v1"/>
	</edmx:Reference>
	<edmx:Reference Uri="http://docs.oasis-open.org/odata/odata/v4.0/errata03/os/complete/vocabularies/Org.OData.Core.V1.xml">
		<edmx:Include Alias="Core" Namespace="Org.OData.Core.V1"/>
	</edmx:Reference>
	<edmx:Reference Uri="http://docs.oasis-open.org/odata/odata/v4.0/errata03/os/complete/vocabularies/Org.OData.Measures.V1.xml">
		<edmx:Include Alias="CQP" Namespace="Org.OData.Measures.V1"/>
	</edmx:Reference>
	<edmx:DataServices>
		<Schema xmlns="http://docs.oasis-open.org/odata/ns/edm" Namespace="Extension2.ZSFH_C_SALESORDERHEADER_CDS">
			<!--===============================================================================
                Entity Type from chosen collection 
                ================================================================================-->
			<Annotations Target="ZSFH_C_SALESORDERHEADER_CDS.ZSFH_C_SalesOrderHeaderType">
				<Annotation Term="UI.SelectionPresentationVariant" Qualifier="Cheap">
					<Record Type="UI.SelectionPresentationVariantType">
						<PropertyValue Property="SelectionVariant">
							<Record Type="UI.SelectionVariantType">
								<PropertyValue Property="Parameters">
									<Collection>
										<Record Type="UI.Parameter">
											<PropertyValue Property="PropertyName" PropertyPath="gross_amount"/>
											<PropertyValue Property="PropertyValue" Path="gross_amount"/>
										</Record>
									</Collection>
								</PropertyValue>
								<PropertyValue Property="SelectOptions">
									<Collection>
										<Record Type="UI.SelectOptionType">
											<PropertyValue Property="PropertyName" PropertyPath="gross_amount"/>
											<PropertyValue Property="Ranges">
												<Collection>
													<Record Type="UI.SelectionRangeType">
														<PropertyValue Property="Sign" EnumMember="UI.SelectionRangeSignType/I"/>
														<PropertyValue Property="Option" EnumMember="UI.SelectionRangeOptionType/LE"/>
														<PropertyValue Property="Low" Decimal="10000.00"/>
													</Record>
												</Collection>
											</PropertyValue>
										</Record>
									</Collection>
								</PropertyValue>
							</Record>
						</PropertyValue>
						<PropertyValue Property="PresentationVariant">
							<Record Type="UI.PresentationVariantType">
								<PropertyValue Property="SortOrder">
									<Collection>
										<Record Type="Common.SortOrderType">
											<PropertyValue Property="Property" PropertyPath="gross_amount"/>
											<PropertyValue Property="Descending" Bool="true"/>
										</Record>
									</Collection>
								</PropertyValue>
								<PropertyValue Property="GroupBy"/>
								<PropertyValue Property="TotalBy"/>
								<PropertyValue Property="Total"/>
								<PropertyValue Property="Visualizations"/>
								<PropertyValue Property="RequestAtLeast"/>
							</Record>
						</PropertyValue>
						<PropertyValue Property="Text" String="Cheap"/>
					</Record>
				</Annotation>
				<Annotation Term="UI.SelectionVariant" Qualifier="Expensive">
					<Record Type="UI.SelectionVariantType">
						<PropertyValue Property="Parameters"/>
						<PropertyValue Property="SelectOptions">
							<Collection>
								<Record Type="UI.SelectOptionType">
									<PropertyValue Property="PropertyName" PropertyPath="gross_amount"/>
									<PropertyValue Property="Ranges">
										<Collection>
											<Record Type="UI.SelectionRangeType">
												<PropertyValue Property="Sign" EnumMember="UI.SelectionRangeSignType/I"/>
												<PropertyValue Property="Option" EnumMember="UI.SelectionRangeOptionType/GE"/>
												<PropertyValue Property="Low" Decimal="10000.00"/>
											</Record>
										</Collection>
									</PropertyValue>
								</Record>
							</Collection>
						</PropertyValue>
						<PropertyValue Property="Text" String="Expensive"/>
					</Record>
				</Annotation>
				<Annotation Term="UI.FieldGroup" Qualifier="FG1">
					<Record Type="UI.FieldGroupType">
						<PropertyValue Property="Data">
							<Collection>
								<Record Type="UI.DataField">
									<PropertyValue Property="Value" Path="so_id"/>
								</Record>
								<Record Type="UI.DataField">
									<PropertyValue Property="Value" Path="delivery_status"/>
									<PropertyValue Property="Criticality" Path="delivery_status"/>
								</Record>
							</Collection>
						</PropertyValue>
					</Record>
				</Annotation>
				<Annotation Term="UI.DataPoint" Qualifier="Progress">
					<Record Type="UI.DataPointType">
						<PropertyValue Property="Title" String="Progress"/>
						<PropertyValue Property="Value" Path="gross_amount"/>
						<PropertyValue Property="TargetValue" Decimal="30000.0"/>
						<PropertyValue Property="Visualization" EnumMember="UI.VisualizationType/Progress"/>
					</Record>
				</Annotation>
				<Annotation Term="UI.LineItem">
					<Collection>
						<Record Type="UI.DataFieldForAction">
							<PropertyValue Property="Label" String="Billing Status Paid"/>
							<PropertyValue Property="Action"
								String="ZSFH_C_SALESORDERHEADER_CDS.ZSFH_C_SALESORDERHEADER_CDS_Entities/ZSFH_C_SalesOrderHeaderSet_bilstat_paid"/>
							<PropertyValue Property="InvocationGrouping" EnumMember="UI.OperationGroupingType/Isolated"/>
						</Record>
						<Record Type="UI.DataField">
							<PropertyValue Property="Label" String="Sales Order ID"/>
							<PropertyValue Property="Value" Path="so_id"/>
						</Record>
						<Record Type="UI.DataField">
							<PropertyValue Property="Label" String="Currency"/>
							<PropertyValue Property="Value" Path="currency_code"/>
						</Record>
						<Record Type="UI.DataField">
							<PropertyValue Property="Label" String="Lifecycle Status"/>
							<PropertyValue Property="Value" Path="lifecycle_status"/>
						</Record>
						<Record Type="UI.DataField">
							<PropertyValue Property="Label" String="Billing Status"/>
							<PropertyValue Property="Value" Path="billing_status"/>
						</Record>
						<Record Type="UI.DataFieldForAnnotation">
							<PropertyValue Property="Target" AnnotationPath="@UI.DataPoint#Progress"/>
						</Record>
					</Collection>
				</Annotation>
				<Annotation Term="UI.Facets">
					<Collection>
						<Record Type="UI.CollectionFacet">
							<PropertyValue Property="ID" String="GeneralInformation"/>
							<PropertyValue Property="Label" String="General Information"/>
							<PropertyValue Property="Facets">
								<Collection>
									<Record Type="UI.ReferenceFacet">
										<PropertyValue Property="Label" String="General Information"/>
										<PropertyValue Property="Target" AnnotationPath="@UI.Identification"/>
									</Record>
									<Record Type="UI.ReferenceFacet">
										<PropertyValue Property="Target" AnnotationPath="@UI.FieldGroup#FG1"/>
									</Record>
								</Collection>
							</PropertyValue>
						</Record>
						<Record Type="UI.ReferenceFacet">
							<PropertyValue Property="Label" String="Second Facet"/>
							<PropertyValue Property="Target" AnnotationPath="to_sales_order_item/@UI.LineItem"/>
						</Record>
					</Collection>
				</Annotation>
			</Annotations>
			<!--===============================================================================
	                Entity Type from chosen navigation property
	                ================================================================================-->
			<Annotations Target="ZSFH_C_SALESORDERHEADER_CDS.ZSFH_C_SalesOrderItemType">
				<Annotation Term="UI.Facets">
					<Collection>
						<Record Type="UI.CollectionFacet">
							<PropertyValue Property="ID" String="GeneralInformation"/>
							<PropertyValue Property="Label" String="General Information"/>
							<PropertyValue Property="Facets">
								<Collection>
									<Record Type="UI.ReferenceFacet">
										<PropertyValue Property="Label" String="General Information"/>
										<PropertyValue Property="Target" AnnotationPath="@UI.Identification"/>
									</Record>
								</Collection>
							</PropertyValue>
						</Record>
					</Collection>
				</Annotation>
			</Annotations>
		</Schema>
	</edmx:DataServices>
</edmx:Edmx>