{
"version":"2.0",
"name":"sap.tnt.library-preload",
"dependencies":["sap.ui.core.library-preload","sap.m.library-preload"],
"modules":{
	"sap/tnt/Box.js":"/*!\n * UI development toolkit for HTML5 (OpenUI5)\n * (c) Copyright 2009-2018 SAP SE or an SAP affiliate company.\n * Licensed under the Apache License, Version 2.0 - see LICENSE.txt.\n */\nsap.ui.define(['sap/m/CustomListItem','./BoxRenderer'],function(C,B){'use strict';var a=C.extend('sap.tnt.Box',{metadata:{library:'sap.tnt',properties:{'type':{type:'sap.m.ListType',defaultValue:sap.m.ListType.Active}}},renderer:B});return a;});\n",
	"sap/tnt/BoxContainer.js":"/*!\n * UI development toolkit for HTML5 (OpenUI5)\n * (c) Copyright 2009-2018 SAP SE or an SAP affiliate company.\n * Licensed under the Apache License, Version 2.0 - see LICENSE.txt.\n */\nsap.ui.define(['sap/ui/core/Control','sap/tnt/BoxContainerList','./BoxContainerRenderer'],function(C,B,a){'use strict';var b=C.extend('sap.tnt.BoxContainer',{metadata:{library:'sap.tnt',properties:{boxMinWidth:{type:'sap.ui.core.CSSSize',defaultValue:''},boxWidth:{type:'sap.ui.core.CSSSize',defaultValue:''},width:{type:'sap.ui.core.CSSSize',defaultValue:''},headerText:{type:'string',group:'Misc',defaultValue:null},growing:{type:'boolean',group:'Behavior',defaultValue:false},growingThreshold:{type:'int',group:'Misc',defaultValue:20},boxesPerRowConfig:{type:'sap.tnt.BoxesPerRowConfig',group:'Behavior',defaultValue:'XL7 L6 M4 S2'}},defaultAggregation:'boxes',aggregations:{boxes:{type:'sap.tnt.Box',multiple:true,singularName:'box',bindable:'bindable',forwarding:{getter:'_getList',aggregation:'items',forwardBinding:true}},headerToolbar:{type:'sap.m.Toolbar',multiple:false,forwarding:{getter:'_getList',aggregation:'headerToolbar',forwardBinding:true}},_list:{type:'sap.m.ListBase',multiple:false,visibility:'hidden'}},associations:{ariaLabelledBy:{type:'sap.ui.core.Control',multiple:true,singularName:'ariaLabelledBy'}},events:{boxPress:{parameters:{box:{type:'sap.tnt.Box'},srcControl:{type:'sap.ui.core.Control'}}}}}});b.prototype.init=function(){this._getList();};b.prototype._getList=function(){var l;if(this._bIsBeingDestroyed){return null;}l=this.getAggregation('_list');if(!l){this.setAggregation('_list',new B(this.getId()+'-inner',{itemPress:function(e){this.fireBoxPress({box:e.getParameter('listItem'),srcControl:e.getParameter('srcControl')});}.bind(this)}));l=this.getAggregation('_list');}return l;};['setHeaderText','getHeaderText','setGrowing','getGrowing','setGrowingThreshold','getGrowingThreshold','setBoxWidth','getBoxWidth','setBoxMinWidth','getBoxMinWidth','setBoxesPerRowConfig','getBoxesPerRowConfig'].forEach(function(n){b.prototype[n]=function(){var l=this.getAggregation('_list');if(l&&l[n]){var r=l[n].apply(l,arguments);return r===l?this:r;}};});return b;});\n",
	"sap/tnt/BoxContainerList.js":"/*!\n * UI development toolkit for HTML5 (OpenUI5)\n * (c) Copyright 2009-2018 SAP SE or an SAP affiliate company.\n * Licensed under the Apache License, Version 2.0 - see LICENSE.txt.\n */\nsap.ui.define(['sap/m/library','sap/m/ListBase','sap/tnt/Box','sap/ui/Device','sap/ui/core/ResizeHandler','sap/ui/thirdparty/jquery'],function(l,L,B,D,R,q){'use strict';var a=l.ListGrowingDirection;var s={'Phone':'sapTntBoxContainerSizeS','Tablet':'sapTntBoxContainerSizeM','Desktop':'sapTntBoxContainerSizeL','LargeDesktop':'sapTntBoxContainerSizeXL'};var b=L.extend('sap.tnt.BoxContainerList',{metadata:{library:'sap.tnt',properties:{boxMinWidth:{type:'sap.ui.core.CSSSize',defaultValue:''},boxWidth:{type:'sap.ui.core.CSSSize',defaultValue:''},boxesPerRowConfig:{type:'sap.tnt.BoxesPerRowConfig',group:'Behavior',defaultValue:'XL7 L6 M4 S2'}}}});b.prototype.onBeforeRendering=function(){this._deregisterResizeListener();L.prototype.onBeforeRendering.apply(this,arguments);};b.prototype.exit=function(){this._deregisterResizeListener();L.prototype.exit.apply(this,arguments);};b.prototype.onAfterRendering=function(){this._registerResizeListener();if(!this._hasBoxWidth()){this._applySizeClass(this.$().width());}if(D.browser.msie){this._flattenHeight();}L.prototype.onAfterRendering.apply(this,arguments);};b.prototype._registerResizeListener=function(){this._sResizeListenerId=R.register(this,this._onResize.bind(this));};b.prototype._hasBoxWidth=function(){return this.getBoxWidth()||this.getBoxMinWidth();};b.prototype._deregisterResizeListener=function(){if(this._sResizeListenerId){R.deregister(this._sResizeListenerId);this._sResizeListenerId=null;}};b.prototype._onResize=function(e){if(e){if(!this._hasBoxWidth()){this._applySizeClass(e.size.width);}this.setItemNavigationColumns();}if(D.browser.msie){this._flattenHeight();}};b.prototype._applySizeClass=function(w){var $=this.$(),r=D.media.getCurrentRange('StdExt',w),S=s[r.name],c;if(!$.hasClass(S)){c=Object.keys(s).map(function(d){return s[d];});$.removeClass(c.join(' '));$.addClass(S);}};b.prototype._flattenHeight=function(){var i=[],m=0,d;this.getItems().forEach(function(I){if(I instanceof B){d=I.getDomRef();i.push(d);d.style.height=null;m=Math.max(d.getBoundingClientRect().height,m);}});i.forEach(function(d){if(d.getBoundingClientRect().height<m){d.style.height=m+'px';}});};b.prototype._startItemNavigation=function(){L.prototype._startItemNavigation.apply(this,arguments);if(this._oItemNavigation){this._oItemNavigation.setTableMode(true,false);this.setItemNavigationColumns();}};b.prototype.setItemNavigationColumns=function(){var I,p,i,o;if(!this._oItemNavigation){return;}I=this.getItems();if(I.length){p=I[0].$().offset().top;for(i=1;i<I.length;i++){o=I[i];if(o.$().offset().top!==p){break;}}this._oItemNavigation.setColumns(i);}};b.prototype.setNavigationItems=function(i,n){var N=[];if(this.isGrouped()){N=q(n).find('.sapTntBoxContainerGrid > .sapMLIB').get();}else{N=q(n).children('.sapMLIB').get();}i.setItemDomRefs(N);if(i.getFocusedIndex()==-1){if(this.getGrowing()&&this.getGrowingDirection()==a.Upwards){i.setFocusedIndex(N.length-1);}else{i.setFocusedIndex(0);}}};return b;});\n",
	"sap/tnt/BoxContainerListRenderer.js":"/*!\n * UI development toolkit for HTML5 (OpenUI5)\n * (c) Copyright 2009-2018 SAP SE or an SAP affiliate company.\n * Licensed under the Apache License, Version 2.0 - see LICENSE.txt.\n */\nsap.ui.define(['sap/m/library','sap/ui/Device'],function(l,D){'use strict';var L=l.ListGrowingDirection;var a=l.ListKeyboardMode;var T=l.ToolbarDesign;var S=/^([X][L](?:[1-9]|1[0-2]))? ?([L](?:[1-9]|1[0-2]))? ?([M](?:[1-9]|1[0-2]))? ?([S](?:[1-9]|1[0-2]))?$/i;var b={'XL':'sapTntBoxContainerSpanXL7','L':'sapTntBoxContainerSpanL6','M':'sapTntBoxContainerSpanM4','S':'sapTntBoxContainerSpanS2'};var c=S.exec('XL7 L6 M4 S2');var B={};B.render=function(r,C){r.write('<div');r.addClass('sapMList');r.addClass('sapTntBoxContainerList');this.addSpanClasses(r,C);r.writeControlData(C);if(C.getWidth()){r.addStyle('width',C.getWidth());}var t=C.getTooltip_AsString();if(t){r.writeAttributeEscaped('title',t);}r.writeStyles();r.writeClasses();r.write('>');var h=C.getHeaderText();var H=C.getHeaderToolbar();if(H){H.setDesign(T.Transparent,true);H.addStyleClass('sapMListHdrTBar');H.addStyleClass('sapMTBHeader-CTX');r.renderControl(H);}else if(h){r.write(\"<header class='sapMListHdrText'\");r.writeAttribute('id',C.getId('header'));r.write('>');r.writeEscaped(h);r.write('</header>');}var o=this.getRenderingConfiguration(C);if(o.upwardGrowing){this.renderGrowing(r,C);}if(o.renderItems||o.showNoData){this.renderDummyArea(r,C,'before',-1);}this.renderList(r,C);if(o.renderItems||o.showNoData){this.renderDummyArea(r,C,'after',o.tabIndex);}if(!o.upwardGrowing){this.renderGrowing(r,C);}r.write('</div>');};B.renderList=function(r,C){var I=C.getItems(),o=this.getRenderingConfiguration(C);r.write('<ul');r.addClass('sapMListItems');C.addNavSection(C.getId('listUl'));if(!o.grouped){this.renderGrid(r,C);}r.writeAttribute('id',C.getId('listUl'));r.writeAccessibilityState(C,this.getAccessibilityState(C));if(o.renderItems||o.showNoData){r.writeAttribute('tabindex',o.tabIndex);}r.addClass('sapMListUl');r.writeClasses();r.writeStyles();r.write('>');if(o.grouped){this.renderGroupedList(r,C);}else if(o.renderItems){if(o.upwardGrowing){I.reverse();}for(var i=0;i<I.length;i++){r.renderControl(I[i]);}}if(!o.renderItems&&o.showNoData){this.renderNoData(r,C);}r.write('</ul>');};B.renderGroupedList=function(r,C){var I=C.getItems(),g=[],G=[],o;for(var i=0;i<I.length;i++){o=I[i];if(o.isGroupHeader()&&i!==0){G.push(g);g=[];}g.push(o);}G.push(g);G.forEach(function(d){r.write('<li>');this.renderGroup(r,C,d);r.write('</li>');},this);};B.renderGroup=function(r,C,I){var o=this.getRenderingConfiguration(C);r.write('<ul');r.addClass('sapMListItems');r.addClass('sapMListUl');this.renderGrid(r,C);r.writeClasses();r.writeStyles();r.write('>');if(o.renderItems){if(o.upwardGrowing){I.reverse();}for(var i=0;i<I.length;i++){r.renderControl(I[i]);}}r.write('</ul>');};B.renderGrid=function(r,C){var w=C.getBoxWidth(),m=C.getBoxMinWidth();if(!w&&!m){r.addClass('sapTntBoxContainerRelativeWidth');}r.addClass('sapTntBoxContainerGrid');if(C.isGrouped()){r.addClass('sapTntBoxContainerGridGrouped');}if(!D.browser.msie){if(m){r.addStyle('grid-template-columns','repeat(auto-fit, minmax('+m+', 1fr)');}else if(w){r.addStyle('grid-template-columns','repeat(auto-fit, '+w+')');}}};B.addSpanClasses=function(r,C){var s,d,e=C.getBoxesPerRowConfig(),f,g,h,j;if(C._hasBoxWidth()){return;}if(!e||!e.lenght===0){s=c;}else{s=S.exec(e);}if(s){for(var i=1;i<s.length;i++){d=s[i];if(d){d=d.toUpperCase();switch(d.substr(0,1)){case'X':if(d.substr(1,1)==='L'){f=this.getBoxesPerRowClass(d,2);}break;case'L':g=this.getBoxesPerRowClass(d,1);break;case'M':h=this.getBoxesPerRowClass(d,1);break;case'S':j=this.getBoxesPerRowClass(d,1);break;default:break;}}}}f=f||b.XL;g=g||b.L;h=h||b.M;j=j||b.S;r.addClass([f,g,h,j].join(' '));};B.getBoxesPerRowClass=function(s,i){var d=parseInt(s.substr(i,s.length),10);if(d&&d>0&&d<13){return'sapTntBoxContainerSpan'+s;}};B.getAccessibilityState=function(C){return{role:'listbox'};};B.getRenderingConfiguration=function(C){return{grouped:C.isGrouped(),showNoData:C.getShowNoData(),renderItems:C.shouldRenderItems()&&C.getItems()&&C.getItems().length,tabIndex:C.getKeyboardMode()==a.Edit?-1:0,upwardGrowing:C.getGrowingDirection()==L.Upwards&&C.getGrowing()};};B.renderNoData=function(r,C){r.write('<li');r.writeAttribute('tabindex',C.getKeyboardMode()==a.Navigation?-1:0);r.writeAttribute('id',C.getId('nodata'));r.addClass('sapMLIB sapMListNoData sapMLIBTypeInactive');r.writeClasses();r.write('>');r.write('<div');r.addClass('sapMListNoDataText');r.writeAttribute('id',C.getId('nodata-text'));r.writeClasses();r.write('>');r.writeEscaped(C.getNoDataText(true));r.write('</div>');r.write('</li>');};B.renderDummyArea=function(r,C,A,t){r.write('<div');r.writeAttribute('id',C.getId(A));r.writeAttribute('tabindex',t);if(D.system.desktop){r.addClass('sapMListDummyArea').writeClasses();}r.write('></div>');};B.renderGrowing=function(r,C){var g=C._oGrowingDelegate;if(!g){return;}g.render(r);};return B;},true);\n",
	"sap/tnt/BoxContainerRenderer.js":"/*!\n * UI development toolkit for HTML5 (OpenUI5)\n * (c) Copyright 2009-2018 SAP SE or an SAP affiliate company.\n * Licensed under the Apache License, Version 2.0 - see LICENSE.txt.\n */\nsap.ui.define(['sap/ui/Device'],function(D){'use strict';var B={};B.render=function(r,c){r.write('<div ');r.writeControlData(c);r.addClass('sapTntBoxContainer');r.writeClasses();r.addStyle('width',c.getWidth());r.writeStyles();r.write('>');r.renderControl(c.getAggregation('_list'));r.write('</div>');};return B;},true);\n",
	"sap/tnt/BoxRenderer.js":"/*!\n * UI development toolkit for HTML5 (OpenUI5)\n * (c) Copyright 2009-2018 SAP SE or an SAP affiliate company.\n * Licensed under the Apache License, Version 2.0 - see LICENSE.txt.\n */\nsap.ui.define(['sap/m/CustomListItemRenderer','sap/ui/core/Renderer','sap/ui/Device'],function(C,R,D){'use strict';var B=R.extend(C);B.renderLIAttributes=function(r,l){C.renderLIAttributes(r,l);r.addClass('sapTntBox');this.renderWidthStyle(r,l);};B.renderWidthStyle=function(r,l){var b=l.getList(),w;if(!D.browser.msie){return;}if(b&&b.getMetadata().getName()==='sap.tnt.BoxContainerList'){w=b.getBoxWidth()||b.getBoxMinWidth();}if(w){r.addStyle('width',w);}};return B;});\n",
	"sap/tnt/InfoLabel.js":"/*!\n * UI development toolkit for HTML5 (OpenUI5)\n * (c) Copyright 2009-2018 SAP SE or an SAP affiliate company.\n * Licensed under the Apache License, Version 2.0 - see LICENSE.txt.\n */\nsap.ui.define(['./library','sap/ui/core/Control','sap/ui/core/library','./InfoLabelRenderer','sap/base/Log'],function(l,C,a,I,L){'use strict';var R=l.RenderMode;var T=a.TextDirection;var b=C.extend('sap.tnt.InfoLabel',{metadata:{interfaces:['sap.ui.core.IFormContent'],library:'sap.tnt',properties:{text:{type:'string',defaultValue:'',bindable:'bindable'},renderMode:{type:'sap.tnt.RenderMode',defaultValue:R.Loose,group:'Appearance'},colorScheme:{type:'int',group:'Misc',defaultValue:7},width:{type:'sap.ui.core.CSSSize',group:'Dimension',defaultValue:null},displayOnly:{type:'boolean',group:'Appearance',defaultValue:false},textDirection:{type:'sap.ui.core.TextDirection',group:'Appearance',defaultValue:T.Inherit}}}});b.prototype.init=function(){if(sap.ui.getCore().getConfiguration().getAccessibility()&&!I._sAriaText){I._sAriaText=sap.ui.getCore().getLibraryResourceBundle('sap.tnt').getText('INFOLABEL_DEFAULT');I._sAriaTextEmpty=sap.ui.getCore().getLibraryResourceBundle('sap.tnt').getText('INFOLABEL_EMPTY');}};b.prototype.setText=function(t){t=this.validateProperty('text',t);var v=this.getText();var c=this.$();if(v!==t){this.setProperty('text',t,true);if(c.length){c.find('.sapTntInfoLabelInner').text(t);if(t!==''){c.find('.sapUiPseudoInvisibleText').text(I._sAriaText);}else{c.find('.sapUiPseudoInvisibleText').text(I._sAriaTextEmpty);}}c.toggleClass('sapTntInfoLabelNoText',!t);}return this;};b.prototype.setColorScheme=function(c){c=this.validateProperty('colorScheme',c);var i=this.getColorScheme();var $=this.$();if(i!==c){if(c>0&&c<10){this.setProperty('colorScheme',c,true);if($.length){$.removeClass('backgroundColor'+i);$.addClass('backgroundColor'+c);}}else{L.warning('colorScheme value was not set. It should be between 1 and 9');}}return this;};b.prototype.getFormDoNotAdjustWidth=function(){return true;};return b;});\n",
	"sap/tnt/InfoLabelRenderer.js":"/*!\n * UI development toolkit for HTML5 (OpenUI5)\n * (c) Copyright 2009-2018 SAP SE or an SAP affiliate company.\n * Licensed under the Apache License, Version 2.0 - see LICENSE.txt.\n */\nsap.ui.define(['./library','sap/ui/core/Renderer','sap/ui/core/library'],function(l,R,c){'use strict';var a=l.RenderMode;var T=c.TextDirection;var I={};I.render=function(r,C){var i=C.getColorScheme(),s=C.getRenderMode(),t=C.getText(),b=C.getTextDirection(),w=C.getWidth(),d=C.getDisplayOnly();r.write('<div');r.writeControlData(C);r.addClass('sapTntInfoLabel');if(s===a.Narrow){r.addClass('sapTntInfoLabelRenderModeNarrow');}if(d){r.addClass('sapTntInfoLabelDisplayOnly');}if(t===''){r.addClass('sapTntInfoLabelNoText');}if(w){r.addStyle('width',w);}r.addClass('backgroundColor'+i);r.writeClasses();r.writeStyles();r.write('>');r.write('<span');r.addClass('sapTntInfoLabelInner');r.writeClasses();if(b!==T.Inherit){r.writeAttribute('dir',b.toLowerCase());}r.write('>');r.writeEscaped(t);r.write('</span>');if(I._sAriaText){r.write(\"<span class='sapUiPseudoInvisibleText'>\");if(t===''){r.writeEscaped(I._sAriaTextEmpty);}else{r.writeEscaped(I._sAriaText);}r.write('</span>');}r.write('</div>');};return I;},true);\n",
	"sap/tnt/NavigationList.js":"/*!\n * UI development toolkit for HTML5 (OpenUI5)\n * (c) Copyright 2009-2018 SAP SE or an SAP affiliate company.\n * Licensed under the Apache License, Version 2.0 - see LICENSE.txt.\n */\nsap.ui.define(['jquery.sap.global','./library','sap/ui/core/Control','sap/m/Popover','sap/ui/core/delegate/ItemNavigation','sap/ui/core/InvisibleText','./NavigationListRenderer','sap/base/Log'],function(q,l,C,P,I,a,N,L){'use strict';var b=C.extend('sap.tnt.NavigationList',{metadata:{library:'sap.tnt',properties:{width:{type:'sap.ui.core.CSSSize',group:'Dimension'},expanded:{type:'boolean',group:'Misc',defaultValue:true}},defaultAggregation:'items',aggregations:{items:{type:'sap.tnt.NavigationListItem',multiple:true,singularName:'item'}},associations:{ariaDescribedBy:{type:'sap.ui.core.Control',multiple:true,singularName:'ariaDescribedBy'},ariaLabelledBy:{type:'sap.ui.core.Control',multiple:true,singularName:'ariaLabelledBy'},selectedItem:{type:'sap.tnt.NavigationListItem',multiple:false}},events:{itemSelect:{parameters:{item:{type:'sap.ui.core.Item'}}}}}});b.prototype.init=function(){this._itemNavigation=new I();this._itemNavigation.setCycling(false);this.addEventDelegate(this._itemNavigation);this._itemNavigation.setPageSize(10);this._itemNavigation.setDisabledModifiers({sapnext:['alt','meta'],sapprevious:['alt','meta']});this._resourceBundle=sap.ui.getCore().getLibraryResourceBundle('sap.ui.core');if(sap.ui.getCore().getConfiguration().getAccessibility()&&!b._sAriaPopupLabelId){b._sAriaPopupLabelId=new a({text:''}).toStatic().getId();}};b.prototype.onAfterRendering=function(){this._itemNavigation.setRootDomRef(this.getDomRef());this._itemNavigation.setItemDomRefs(this._getDomRefs());if(this._selectedItem){this._selectedItem._select();}};b.prototype._updateNavItems=function(){this._itemNavigation.setItemDomRefs(this._getDomRefs());};b.prototype._getDomRefs=function(){var d=[];var c=this.getItems();for(var i=0;i<c.length;i++){q.merge(d,c[i]._getDomRefs());}return d;};b.prototype._adaptPopoverPositionParams=function(){if(this.getShowArrow()){this._marginLeft=10;this._marginRight=10;this._marginBottom=10;this._arrowOffset=18;this._offsets=['0 -18','18 0','0 18','-18 0'];this._myPositions=['center bottom','begin top','center top','end top'];this._atPositions=['center top','end top','center bottom','begin top'];}else{this._marginTop=0;this._marginLeft=0;this._marginRight=0;this._marginBottom=0;this._arrowOffset=0;this._offsets=['0 0','0 0','0 0','0 0'];this._myPositions=['begin bottom','begin top','begin top','end top'];this._atPositions=['begin top','end top','begin bottom','begin top'];}};b.prototype.exit=function(){if(this._itemNavigation){this._itemNavigation.destroy();}};b.prototype._selectItem=function(p){this.fireItemSelect(p);var i=p.item;if(this._selectedItem){this._selectedItem._unselect();}i._select();this._selectedItem=i;this.setAssociation('selectedItem',i,true);};b.prototype.getSelectedItem=function(){var s=this.getAssociation('selectedItem');if(!s){return null;}return sap.ui.getCore().byId(s);};b.prototype.setSelectedItem=function(s,c){q.sap.require('sap.tnt.NavigationListItem');var n;if(this._selectedItem){this._selectedItem._unselect();}if(!s){this._selectedItem=null;return sap.ui.core.Control.prototype.setAssociation.call(this,'selectedItem',s,c);}if(typeof s!=='string'&&!(s instanceof sap.tnt.NavigationListItem)){L.warning('Type of selectedItem association should be string or instance of sap.tnt.NavigationListItem. New value was not set.');return this;}if(typeof s==='string'){n=sap.ui.getCore().byId(s);}else{n=s;}if(n instanceof sap.tnt.NavigationListItem){n._select();this._selectedItem=n;return sap.ui.core.Control.prototype.setAssociation.call(this,'selectedItem',s,c);}else{L.warning('Type of selectedItem association should be a valid NavigationListItem object or ID. New value was not set.');return this;}};b.prototype._openPopover=function(s,c){var t=this;var d=c.getSelectedItem();if(d&&c.isGroupSelected){d=null;}var p=this._popover=new P({showHeader:false,horizontalScrolling:false,verticalScrolling:true,initialFocus:d,afterClose:function(){if(t._popover){t._popover.destroy();t._popover=null;}},content:c,ariaLabelledBy:[b._sAriaPopupLabelId]}).addStyleClass('sapContrast sapContrastPlus');p._adaptPositionParams=this._adaptPopoverPositionParams;p.openBy(s);};b.prototype._closePopover=function(){if(this._popover){this._popover.close();}};return b;},true);\n",
	"sap/tnt/NavigationListItem.js":"sap.ui.define(['./library','sap/ui/core/Item','sap/ui/core/Icon','./NavigationList','sap/ui/core/Renderer','sap/ui/core/IconPool','sap/ui/events/KeyCodes'],function(l,I,a,N,R,b,K){'use strict';var c=I.extend('sap.tnt.NavigationListItem',{metadata:{library:'sap.tnt',properties:{icon:{type:'sap.ui.core.URI',group:'Misc',defaultValue:''},expanded:{type:'boolean',group:'Misc',defaultValue:true},hasExpander:{type:'boolean',group:'Misc',defaultValue:true},visible:{type:'boolean',group:'Appearance',defaultValue:true}},defaultAggregation:'items',aggregations:{items:{type:'sap.tnt.NavigationListItem',multiple:true,singularName:'item'},_expandIconControl:{type:'sap.ui.core.Icon',multiple:false,visibility:'hidden'}},events:{select:{parameters:{item:{type:'sap.ui.core.Item'}}}}}});c.expandIcon='sap-icon://navigation-right-arrow';c.collapseIcon='sap-icon://navigation-down-arrow';c.prototype._getExpandIconControl=function(){var e=this.getAggregation('_expandIconControl');if(!e){var d=this.getExpanded();e=new a({src:d?c.collapseIcon:c.expandIcon,visible:this.getItems().length>0&&this.getHasExpander(),useIconTooltip:false,tooltip:this._getExpandIconTooltip(!d)}).addStyleClass('sapTntNavLIExpandIcon');this.setAggregation('_expandIconControl',e,true);}return e;};c.prototype._getExpandIconTooltip=function(e){if(!this.getEnabled()){return'';}var t=e?'Icon.expand':'Icon.collapse';return this.getNavigationList()._resourceBundle.getText(t);};c.prototype.getLevel=function(){var d=0;var p=this.getParent();if(p.getMetadata().getName()=='sap.tnt.NavigationListItem'){return p.getLevel()+1;}return d;};c.prototype.getNavigationList=function(){var p=this.getParent();while(p&&p.getMetadata().getName()!='sap.tnt.NavigationList'){p=p.getParent();}return p;};c.prototype.createPopupList=function(){var n=[],d=this.getNavigationList(),s=d.getSelectedItem(),p,e,f,g=this.getItems();for(var i=0;i<g.length;i++){e=g[i];if(e.getVisible()){f=new c({key:e.getId(),text:e.getText(),textDirection:e.getTextDirection(),enabled:e.getEnabled()});n.push(f);if(s==e){p=f;}}}var h=new c({expanded:true,hasExpander:false,key:this.getId(),text:this.getText(),enabled:this.getEnabled(),textDirection:this.getTextDirection(),items:n});var j=new N({itemSelect:this.onPopupItemSelect.bind(this),items:[h]}).addStyleClass('sapTntNavLIPopup');if(s==this){p=h;j.isGroupSelected=true;}j.setSelectedItem(p);return j;};c.prototype.onPopupItemSelect=function(e){var i=e.getParameter('item');i=sap.ui.getCore().byId(i.getKey());i._selectItem(e);};c.prototype._selectItem=function(e){var p={item:this};this.fireSelect(p);var n=this.getNavigationList();n._selectItem(p);};c.prototype.onkeydown=function(e){if(e.isMarked('subItem')){return;}e.setMarked('subItem');if(this.getLevel()>0){return;}var i=sap.ui.getCore().getConfiguration().getRTL();if((e.shiftKey&&e.which==189)||e.which==K.NUMPAD_MINUS||(e.which==K.ARROW_RIGHT&&i)||(e.which==K.ARROW_LEFT&&!i)){if(this.collapse()){e.preventDefault();e.target=null;}}else if(e.which==K.NUMPAD_PLUS||(e.shiftKey&&e.which==K.PLUS)||e.which==K.ARROW_LEFT&&i||e.which==K.ARROW_RIGHT&&!i){if(this.expand()){e.preventDefault();e.target=null;}}};c.prototype.expand=function(d){if(this.getExpanded()||!this.getHasExpander()||this.getItems().length==0||this.getLevel()>0){return;}this.setProperty('expanded',true,true);this.$().find('.sapTntNavLIGroup').attr('aria-expanded',true);var e=this._getExpandIconControl();e.setSrc(c.collapseIcon);e.setTooltip(this._getExpandIconTooltip(false));var $=this.$().find('.sapTntNavLIGroupItems');$.stop(true,true).slideDown(d||'fast',function(){$.toggleClass('sapTntNavLIHiddenGroupItems');});this.getNavigationList()._updateNavItems();return true;};c.prototype.collapse=function(d){if(!this.getExpanded()||!this.getHasExpander()||this.getItems().length==0||this.getLevel()>0){return;}this.setProperty('expanded',false,true);this.$().find('.sapTntNavLIGroup').attr('aria-expanded',false);var e=this._getExpandIconControl();e.setSrc(c.expandIcon);e.setTooltip(this._getExpandIconTooltip(true));var $=this.$().find('.sapTntNavLIGroupItems');$.stop(true,true).slideUp(d||'fast',function(){$.toggleClass('sapTntNavLIHiddenGroupItems');});this.getNavigationList()._updateNavItems();return true;};c.prototype.ontap=function(e){if(e.isMarked('subItem')||!this.getEnabled()){return;}e.setMarked('subItem');e.preventDefault();var n=this.getNavigationList();var s=sap.ui.getCore().byId(e.target.id);var d=this.getLevel();if(d==1){var p=this.getParent();if(this.getEnabled()&&p.getEnabled()){this._selectItem(e);}return;}if(n.getExpanded()||this.getItems().length==0){if(!s||s.getMetadata().getName()!='sap.ui.core.Icon'||!s.$().hasClass('sapTntNavLIExpandIcon')){this._selectItem(e);return;}if(this.getExpanded()){this.collapse();}else{this.expand();}}else{var f=this.createPopupList();n._openPopover(this,f);}};c.prototype.onsapenter=c.prototype.ontap;c.prototype.onsapspace=c.prototype.ontap;c.prototype.render=function(r,d,i,e){if(!this.getVisible()){return;}if(this.getLevel()===0){this.renderFirstLevelNavItem(r,d,i,e);}else{this.renderSecondLevelNavItem(r,d,i,e);}};c.prototype.renderGroupItem=function(r,d,i,e){var f=d.getExpanded(),g=this.getExpanded(),t=this.getText(),h,j={level:'1',posinset:i+1,setsize:this._getVisibleItems(d).length};if(f&&this.getItems().length!==0){j.expanded=g;}r.write('<div');r.addClass('sapTntNavLIItem');r.addClass('sapTntNavLIGroup');if(!this.getEnabled()){r.addClass('sapTntNavLIItemDisabled');}else{r.write(' tabindex=\"-1\"');}if(!f){h=this.getTooltip_AsString()||t;if(h){r.writeAttributeEscaped('title',h);}j.label=t;j.role='button';j.haspopup=true;}else{j.role='treeitem';}r.writeAccessibilityState(j);if(d.getExpanded()){h=this.getTooltip_AsString()||t;if(h){r.writeAttributeEscaped('title',h);}r.writeAttributeEscaped('aria-label',t);}r.writeClasses();r.write('>');this._renderIcon(r);if(d.getExpanded()){var k=this._getExpandIconControl();k.setVisible(this.getItems().length>0&&this.getHasExpander());k.setSrc(this.getExpanded()?c.collapseIcon:c.expandIcon);k.setTooltip(this._getExpandIconTooltip(!this.getExpanded()));this._renderText(r);r.renderControl(k);}r.write('</div>');};c.prototype.renderFirstLevelNavItem=function(r,d,e,f){var g,h=this._getVisibleItems(this),j=h.length,k=this.getExpanded(),m=d.getExpanded();r.write('<li aria-hidden=\"true\" ');r.writeElementData(this);if(this.getEnabled()&&!m){r.write(' tabindex=\"-1\"');}r.write('>');this.renderGroupItem(r,d,e);if(m){r.write('<ul aria-hidden=\"true\" ');r.writeAttribute('role','group');r.addClass('sapTntNavLIGroupItems');if(!k){r.addClass('sapTntNavLIHiddenGroupItems');}r.writeClasses();r.write('>');for(var i=0;i<j;i++){g=h[i];g.render(r,d,i,j);}r.write('</ul>');}r.write('</li>');};c.prototype.renderSecondLevelNavItem=function(r,d,i,e){var g=this.getParent();r.write('<li');r.writeElementData(this);r.addClass('sapTntNavLIItem');r.addClass('sapTntNavLIGroupItem');if(!this.getEnabled()||!g.getEnabled()){r.addClass('sapTntNavLIItemDisabled');}else{r.write(' tabindex=\"-1\"');}var t=this.getText();var f=this.getTooltip_AsString()||t;if(f){r.writeAttributeEscaped('title',f);}r.writeAccessibilityState({role:'treeitem',level:'2',posinset:i+1,setsize:e});r.writeClasses();r.write('>');this._renderText(r);r.write('</li>');};c.prototype._renderIcon=function(r){var i=this.getIcon(),d=b.getIconInfo(i);if(i){r.write('<span');r.addClass('sapUiIcon');r.addClass('sapTntNavLIGroupIcon');r.writeAttribute('aria-hidden',true);if(d&&!d.suppressMirroring){r.addClass('sapUiIconMirrorInRTL');}if(d){r.writeAttribute('data-sap-ui-icon-content',d.content);r.addStyle('font-family',\"'\"+d.fontFamily+\"'\");}r.writeClasses();r.writeStyles();r.write('></span>');}else{r.write('<span class=\"sapUiIcon sapTntNavLIGroupIcon\" aria-hidden=\"true\"></span>');}};c.prototype._renderText=function(r){r.write('<span');r.addClass('sapMText');r.addClass('sapTntNavLIText');r.addClass('sapMTextNoWrap');r.writeClasses();var t=this.getTextDirection();if(t!==sap.ui.core.TextDirection.Inherit){r.writeAttribute('dir',t.toLowerCase());}var d=R.getTextAlign(sap.ui.core.TextAlign.Begin,t);if(d){r.addStyle('text-align',d);r.writeStyles();}r.write('>');r.writeEscaped(this.getText());r.write('</span>');};c.prototype._unselect=function(){var $=this.$(),n=this.getNavigationList();if(!n){return;}$.removeClass('sapTntNavLIItemSelected');if(n.getExpanded()){if(this.getLevel()==0){$=$.find('.sapTntNavLIGroup');}$.removeAttr('aria-selected');}else{$.removeAttr('aria-pressed');}};c.prototype._select=function(){var $=this.$(),n=this.getNavigationList();if(!n){return;}$.addClass('sapTntNavLIItemSelected');if(n.getExpanded()){if(this.getLevel()==0){$=$.find('.sapTntNavLIGroup');}$.attr('aria-selected',true);}else{$.attr('aria-pressed',true);n._closePopover();}};c.prototype._getDomRefs=function(){var d=[];if(!this.getEnabled()){return d;}var $=this.$();d.push($.find('.sapTntNavLIGroup')[0]);if(this.getExpanded()){var s=$.find('.sapTntNavLIGroupItem');for(var i=0;i<s.length;i++){d.push(s[i]);}}return d;};c.prototype._getVisibleItems=function(d){var v=[];var i=d.getItems();var e;for(var f=0;f<i.length;f++){e=i[f];if(e.getVisible()){v.push(e);}}return v;};return c;},true);\n/*!\n * UI development toolkit for HTML5 (OpenUI5)\n * (c) Copyright 2009-2018 SAP SE or an SAP affiliate company.\n * Licensed under the Apache License, Version 2.0 - see LICENSE.txt.\n */\n",
	"sap/tnt/NavigationListRenderer.js":"/*!\n * UI development toolkit for HTML5 (OpenUI5)\n * (c) Copyright 2009-2018 SAP SE or an SAP affiliate company.\n * Licensed under the Apache License, Version 2.0 - see LICENSE.txt.\n */\nsap.ui.define(['sap/ui/core/Renderer'],function(R){'use strict';var N={};N.render=function(r,c){var a,v,g=c.getItems(),e=c.getExpanded(),b=[];r.write('<ul');r.writeControlData(c);var w=c.getWidth();if(w&&e){r.addStyle('width',w);}r.writeStyles();r.addClass('sapTntNavLI');if(!e){r.addClass('sapTntNavLICollapsed');}r.writeClasses();a=e?'tree':'toolbar';r.writeAttribute('role',a);r.write('>');g.forEach(function(d){if(d.getVisible()){b.push(d);}});b.forEach(function(d,i){d.render(r,c,i,v);});r.write('</ul>');};return N;},true);\n",
	"sap/tnt/SideNavigation.js":"/*!\n * UI development toolkit for HTML5 (OpenUI5)\n * (c) Copyright 2009-2018 SAP SE or an SAP affiliate company.\n * Licensed under the Apache License, Version 2.0 - see LICENSE.txt.\n */\nsap.ui.define(['./library','sap/ui/core/Control','sap/ui/core/ResizeHandler','sap/ui/core/Icon','sap/ui/core/delegate/ScrollEnablement','./SideNavigationRenderer'],function(l,C,R,I,S,a){'use strict';var b=C.extend('sap.tnt.SideNavigation',{metadata:{library:'sap.tnt',properties:{expanded:{type:'boolean',group:'Misc',defaultValue:true}},defaultAggregation:'item',aggregations:{item:{type:'sap.tnt.NavigationList',multiple:false,bindable:'bindable'},fixedItem:{type:'sap.tnt.NavigationList',multiple:false},footer:{type:'sap.tnt.NavigationList',multiple:false},_topArrowControl:{type:'sap.ui.core.Icon',multiple:false,visibility:'hidden'},_bottomArrowControl:{type:'sap.ui.core.Icon',multiple:false,visibility:'hidden'}},associations:{selectedItem:{type:'sap.tnt.NavigationListItem',multiple:false}},events:{itemSelect:{parameters:{item:{type:'sap.ui.core.Item'}}}}}});b.prototype.init=function(){this._scroller=new S(this,this.getId()+'-Flexible-Content',{horizontal:false,vertical:true});this.data('sap-ui-fastnavgroup','true',true);};b.prototype.setAggregation=function(c,o,s){if(o&&o.attachItemSelect){o.attachItemSelect(this._itemSelectionHandler.bind(this));}return sap.ui.base.ManagedObject.prototype.setAggregation.apply(this,arguments);};b.prototype.setExpanded=function(i){if(this.getExpanded()===i){return this;}this.setProperty('expanded',i,true);if(!this.getDomRef()){return this;}var t=this,$=this.$(),w;if(t._hasActiveAnimation){t._finishAnimation(!i);$.stop();}if(i){t.$().toggleClass('sapTntSideNavigationNotExpanded',!i);if(t.getAggregation('item')){t.getAggregation('item').setExpanded(i);}if(t.getAggregation('fixedItem')){t.getAggregation('fixedItem').setExpanded(i);}}else{this._scroller.setVertical(false);}t._hasActiveAnimation=true;w=i?'15rem':'3rem';$.animate({width:w},{duration:300,complete:function(){var i=t.getExpanded();t._finishAnimation(i);}});return this;};b.prototype._finishAnimation=function(i){if(!this._hasActiveAnimation||!this.getDomRef()){return;}this.$().toggleClass('sapTntSideNavigationNotExpandedWidth',!i);if(!i){this.$().toggleClass('sapTntSideNavigationNotExpanded',!i);if(this.getAggregation('item')){this.getAggregation('item').setExpanded(i);}if(this.getAggregation('fixedItem')){this.getAggregation('fixedItem').setExpanded(i);}this._scroller.setVertical(true);}this.$().css('width','');this._hasActiveAnimation=false;setTimeout(this._toggleArrows.bind(this),0);};b.prototype.onBeforeRendering=function(){var s=this.getSelectedItem();if(s){this.setSelectedItem(s,true);}this._deregisterControl();};b.prototype.onAfterRendering=function(){this._ResizeHandler=R.register(this.getDomRef(),this._toggleArrows.bind(this));this._toggleArrows();};b.prototype.setSelectedItem=function(s,c){var n=this.getAggregation('item');var f=this.getAggregation('fixedItem');var d;if(!s){if(n.setSelectedItem){n.setSelectedItem(null,true);}if(f.setSelectedItem){f.setSelectedItem(null,true);}}if(typeof s==='string'){d=sap.ui.getCore().byId(s);}else{d=s;}var e=d&&d.getNavigationList&&d.getNavigationList()===n;var g=d&&d.getNavigationList&&d.getNavigationList()===f;if(e){n.setSelectedItem(d,c);if(f){f.setSelectedItem(null,true);}}if(g){f.setSelectedItem(d,c);n.setSelectedItem(null,true);}return sap.ui.core.Control.prototype.setAssociation.call(this,'selectedItem',d,true);};b.prototype.exit=function(){if(this._scroller){this._scroller.destroy();this._scroller=null;}this._deregisterControl();};b.prototype._itemSelectionHandler=function(e){var c=e.getSource().getId();var i=this.getAggregation('item');var f=this.getAggregation('fixedItem');var d=e.getParameter('item');if(i&&f&&c===i.getId()){f.setSelectedItem(null);}if(i&&f&&c===f.getId()){i.setSelectedItem(null);}sap.ui.core.Control.prototype.setAssociation.call(this,'selectedItem',d,true);this.fireItemSelect({item:d});};b.prototype._deregisterControl=function(){if(this._ResizeHandler){R.deregister(this._ResizeHandler);this._ResizeHandler=null;}};b.prototype._getTopArrowControl=function(){var i=this.getAggregation('_topArrowControl');var t=this;if(!i){i=new I({src:'sap-icon://navigation-up-arrow',noTabStop:true,useIconTooltip:false,tooltip:'',press:this._arrowPress.bind(t)}).addStyleClass('sapTntSideNavigationScrollIcon sapTntSideNavigationScrollIconUp');this.setAggregation('_topArrowControl',i,true);}return i;};b.prototype._getBottomArrowControl=function(){var i=this.getAggregation('_bottomArrowControl');var t=this;if(!i){i=new I({src:'sap-icon://navigation-down-arrow',noTabStop:true,useIconTooltip:false,tooltip:'',press:this._arrowPress.bind(t)}).addStyleClass('sapTntSideNavigationScrollIcon sapTntSideNavigationScrollIconDown');this.setAggregation('_bottomArrowControl',i,true);}return i;};b.prototype._toggleArrows=function(){var d=this.getDomRef();if(!d){return;}var s=this.$('Flexible')[0];var c=this.$('Flexible-Content')[0];var i=this.getExpanded();if(this._hasActiveAnimation){d.querySelector('.sapTntSideNavigationScrollIconUp').style.display='none';d.querySelector('.sapTntSideNavigationScrollIconDown').style.display='none';return;}if((c.offsetHeight>s.offsetHeight)&&!i){d.querySelector('.sapTntSideNavigationScrollIconUp').style.display='block';d.querySelector('.sapTntSideNavigationScrollIconDown').style.display='block';d.querySelector('.sapTntSideNavigationScrollIconDown').classList.remove('sapTntSideNavigationScrollIconDisabled');}else{d.querySelector('.sapTntSideNavigationScrollIconUp').style.display='none';d.querySelector('.sapTntSideNavigationScrollIconDown').style.display='none';}};b.prototype._arrowPress=function(e){e.preventDefault();var s=document.getElementById(e.oSource.sId);var i=s.classList.contains('sapTntSideNavigationScrollIconDown')?true:false;var $=this.$('Flexible');var c=i?40:-40;$[0].scrollTop+=c;};return b;},true);\n",
	"sap/tnt/SideNavigationRenderer.js":"/*!\n * UI development toolkit for HTML5 (OpenUI5)\n * (c) Copyright 2009-2018 SAP SE or an SAP affiliate company.\n * Licensed under the Apache License, Version 2.0 - see LICENSE.txt.\n */\nsap.ui.define([],function(){'use strict';var S={};S.render=function(r,c){this.startSideNavigation(r,c);this.renderArrowUp(r,c);this.renderItem(r,c);this.renderArrowDown(r,c);this.renderFixedItem(r,c);this.renderFooter(r,c);this.endSideNavigation(r,c);};S.startSideNavigation=function(r,c){var i=c.getAggregation('item');var f=c.getAggregation('fixedItem');var a=c.getExpanded();r.write('<div');r.writeControlData(c);r.writeAttribute('role','navigation');r.addClass('sapTntSideNavigation');r.addClass('sapContrast sapContrastPlus');if(!a){r.addClass('sapTntSideNavigationNotExpanded');r.addClass('sapTntSideNavigationNotExpandedWidth');}if(!a&&i){i.setExpanded(false);}if(!a&&f){f.setExpanded(false);}r.writeClasses();r.write('>');};S.endSideNavigation=function(r,c){r.write('</div>');};S.renderArrowUp=function(r,c){r.renderControl(c._getTopArrowControl());};S.renderArrowDown=function(r,c){r.renderControl(c._getBottomArrowControl());};S.renderItem=function(r,c){var i=c.getAggregation('item');r.write('<div id=\"'+c.getId()+'-Flexible\" tabindex=\"-1\" class=\"sapTntSideNavigationFlexible sapTntSideNavigationVerticalScrolling\">');r.write('<div id=\"'+c.getId()+'-Flexible-Content\" class=\"sapTntSideNavigationFlexibleContent\">');r.renderControl(i);r.write('</div></div>');};S.renderFixedItem=function(r,c){var f=c.getAggregation('fixedItem');if(f===null){return;}if(f.getExpanded()===false){f.setExpanded(false);}r.write('<div class=\"sapTntSideNavigationSeparator\" role=\"separator\" aria-orientation=\"horizontal\"></div>');r.write('<div class=\"sapTntSideNavigationFixed\">');r.renderControl(f);r.write('</div>');};S.renderFooter=function(r,c){if(c.getAggregation('footer')){r.write('<footer class=\"sapTntSideNavigationFooter\">');r.renderControl(c.getAggregation('footer'));r.write('</footer>');}};return S;},true);\n",
	"sap/tnt/ToolHeader.js":"/*!\n * UI development toolkit for HTML5 (OpenUI5)\n * (c) Copyright 2009-2018 SAP SE or an SAP affiliate company.\n * Licensed under the Apache License, Version 2.0 - see LICENSE.txt.\n */\nsap.ui.define(['./library','sap/ui/core/Control','sap/m/OverflowToolbar','sap/m/OverflowToolbarAssociativePopover','./ToolHeaderRenderer'],function(l,C,O,a,T){'use strict';var b=O.extend('sap.tnt.ToolHeader',{metadata:{library:'sap.tnt',properties:{},aggregations:{}}});b.prototype.init=function(){O.prototype.init.apply(this,arguments);this.addStyleClass('sapTntToolHeader sapContrast sapContrastPlus');};b.prototype._getPopover=function(){var p;if(!this.getAggregation('_popover')){p=new a(this.getId()+'-popover',{showHeader:false,showArrow:sap.ui.Device.system.phone?false:true,modal:false,horizontalScrolling:sap.ui.Device.system.phone?false:true,contentWidth:sap.ui.Device.system.phone?'100%':'auto'}).addStyleClass('sapTntToolHeaderPopover sapContrast sapContrastPlus');p.oControlsManager._preProcessSapMButton=this._preProcessPopoverControlsSapMButton.bind(p.oControlsManager);if(sap.ui.Device.system.phone){p.attachBeforeOpen(this._shiftPopupShadow,this);p.attachAfterOpen(this._shiftPopupShadow,this);}p.attachAfterClose(this._popOverClosedHandler,this);this.setAggregation('_popover',p,true);}return this.getAggregation('_popover');};b.prototype._preProcessPopoverControlsSapMButton=function(c){this._mControlsCache[c.getId()]={buttonType:c.getType()};if(c.getIcon()){c.addStyleClass('sapMOTAPButtonWithIcon');}else{c.addStyleClass('sapMOTAPButtonNoIcon');}c.attachEvent('_change',this._onSapMButtonUpdated,this);};b.prototype._getBestActionSheetPlacement=function(){return sap.m.PlacementType.Bottom;};return b;},true);\n",
	"sap/tnt/ToolHeaderRenderer.js":"/*!\n * UI development toolkit for HTML5 (OpenUI5)\n * (c) Copyright 2009-2018 SAP SE or an SAP affiliate company.\n * Licensed under the Apache License, Version 2.0 - see LICENSE.txt.\n */\nsap.ui.define(['sap/ui/core/Renderer','sap/m/OverflowToolbarRenderer','sap/m/BarInPageEnabler'],function(R,O,B){'use strict';var T=R.extend(O);T.renderBarContent=function(r,t){var o=false;var i;t._getVisibleContent().forEach(function(c){i=c.getMetadata().getName()=='sap.tnt.ToolHeaderUtilitySeparator';if(!o&&i&&t._getOverflowButtonNeeded()){T.renderOverflowButton(r,t);o=true;}B.addChildClassTo(c,t);r.renderControl(c);});if(!o&&t._getOverflowButtonNeeded()){T.renderOverflowButton(r,t);}};return T;},true);\n",
	"sap/tnt/ToolHeaderUtilitySeparator.js":"/*!\n * UI development toolkit for HTML5 (OpenUI5)\n * (c) Copyright 2009-2018 SAP SE or an SAP affiliate company.\n * Licensed under the Apache License, Version 2.0 - see LICENSE.txt.\n */\nsap.ui.define(['./library','sap/ui/core/Control'],function(l,C){'use strict';var T=C.extend('sap.tnt.ToolHeaderUtilitySeparator',{metadata:{library:'sap.tnt',properties:{}},renderer:{render:function(){}}});return T;},true);\n",
	"sap/tnt/ToolPage.js":"/*!\n * UI development toolkit for HTML5 (OpenUI5)\n * (c) Copyright 2009-2018 SAP SE or an SAP affiliate company.\n * Licensed under the Apache License, Version 2.0 - see LICENSE.txt.\n */\nsap.ui.define(['./library','sap/ui/core/Control','sap/ui/Device','sap/ui/core/ResizeHandler','./ToolPageRenderer'],function(l,C,D,R,T){'use strict';var a=C.extend('sap.tnt.ToolPage',{metadata:{library:'sap.tnt',properties:{sideExpanded:{type:'boolean',group:'Misc',defaultValue:true}},aggregations:{header:{type:'sap.tnt.ToolHeader',multiple:false},sideContent:{type:'sap.tnt.SideNavigation',multiple:false},mainContents:{type:'sap.ui.core.Control',multiple:true,singularName:'mainContent'}},events:{}}});a.prototype.toggleSideContentMode=function(){return this.setSideExpanded(!this.getSideExpanded());};a.prototype.setSideExpanded=function(i){var s=this.getAggregation('sideContent');var d=this.getDomRef();this.setProperty('sideExpanded',i,true);if(s){var n=D.system.phone?true:i;s.setExpanded(n);}if(!d){return this;}if(i){d.querySelector('.sapTntToolPageContentWrapper').classList.remove('sapTntToolPageAsideCollapsed');}else{d.querySelector('.sapTntToolPageContentWrapper').classList.add('sapTntToolPageAsideCollapsed');}return this;};a.prototype.onBeforeRendering=function(){this._deregisterControl();};a.prototype.onAfterRendering=function(){this._ResizeHandler=R.register(this.getDomRef(),this._mediaQueryHandler.bind(this));this._updateLastMediaQuery();};a.prototype.exit=function(){this._deregisterControl();};a.prototype._deregisterControl=function(){if(this._ResizeHandler){R.deregister(this._ResizeHandler);this._ResizeHandler=null;}};a.prototype._mediaQueryHandler=function(){var s=this.getAggregation('sideContent');if(s===null){return;}this._currentMediaQuery=this._getDeviceAsString();if(this._getLastMediaQuery()===this._currentMediaQuery){return;}switch(this._currentMediaQuery){case'Combi':this.setSideExpanded(true);break;case'Tablet':this.setSideExpanded(false);break;case'Phone':this.setSideExpanded(false);s.setExpanded(true);break;default:this.setSideExpanded(true);break;}this._updateLastMediaQuery();};a.prototype._getLastMediaQuery=function(){return this._lastMediaQuery;};a.prototype._updateLastMediaQuery=function(){this._lastMediaQuery=this._getDeviceAsString();return this;};a.prototype._getDeviceAsString=function(){if(D.system.combi){return'Combi';}if(D.system.phone){return'Phone';}if(D.system.tablet){return'Tablet';}return'Desktop';};return a;},true);\n",
	"sap/tnt/ToolPageRenderer.js":"/*!\n * UI development toolkit for HTML5 (OpenUI5)\n * (c) Copyright 2009-2018 SAP SE or an SAP affiliate company.\n * Licensed under the Apache License, Version 2.0 - see LICENSE.txt.\n */\nsap.ui.define([],function(){'use strict';var T={};T.render=function(r,c){var h=c.getAggregation('header');r.write('<div');r.writeControlData(c);r.addClass('sapTntToolPage');if(h){r.addClass('sapTntToolPageWithHeader');}r.writeClasses();r.write('>');if(h){r.write('<header>');r.write('<div id=\"'+c.getId()+'-header\" class=\"sapTntToolPageHeader\">');r.renderControl(h);r.write('</div>');r.write('</header>');}this.renderContentWrapper(r,c);r.write('</div>');};T.renderContentWrapper=function(r,c){var i=sap.ui.Device.system.desktop;r.write('<div class=\"sapTntToolPageContentWrapper');if(!i||!c.getSideExpanded()){r.write(' sapTntToolPageAsideCollapsed');}r.write('\">');this.renderAsideContent(r,c);this.renderMainContent(r,c);r.write('</div>');};T.renderAsideContent=function(r,c){var i=sap.ui.Device.system.desktop;var s=c.getAggregation('sideContent');var a=c.getSideExpanded();r.write('<aside id=\"'+c.getId()+'-aside\" class=\"sapTntToolPageAside\">');r.write('<div class=\"sapTntToolPageAsideContent\">');if(s&&s.getExpanded()!==a){s.setExpanded(a);}if(!i){c.setSideExpanded(false);}r.renderControl(s);r.write('</div>');r.write('</aside>');};T.renderMainContent=function(r,c){var m=c.getAggregation('mainContents');if(m){r.write('<div id=\"'+c.getId()+'-main\" class=\"sapTntToolPageMain\">');r.write('<div class=\"sapTntToolPageMainContent\">');r.write('<div class=\"sapTntToolPageMainContentWrapper\">');m.forEach(r.renderControl);r.renderControl();r.write('</div>');r.write('</div>');r.write('</div>');}};return T;},true);\n",
	"sap/tnt/library.js":"/*!\n * UI development toolkit for HTML5 (OpenUI5)\n * (c) Copyright 2009-2018 SAP SE or an SAP affiliate company.\n * Licensed under the Apache License, Version 2.0 - see LICENSE.txt.\n */\nsap.ui.define(['sap/ui/base/DataType','sap/ui/core/library','sap/m/library'],function(D){'use strict';sap.ui.getCore().initLibrary({name:'sap.tnt',version:'1.58.5',dependencies:['sap.ui.core','sap.m'],types:['sap.tnt.RenderMode','sap.tnt.BoxContainerLayoutConfiguration'],interfaces:[],controls:['sap.tnt.NavigationList','sap.tnt.ToolHeaderUtilitySeparator','sap.tnt.ToolHeader','sap.tnt.SideNavigation','sap.tnt.ToolPage','sap.tnt.InfoLabel','sap.tnt.BoxContainer','sap.tnt.Box'],elements:['sap.tnt.NavigationListItem']});sap.tnt.RenderMode={Narrow:'Narrow',Loose:'Loose'};sap.tnt.BoxesPerRowConfig=D.createType('sap.tnt.BoxesPerRowConfig',{isValid:function(v){return/^(([Xx][Ll](?:[1-9]|1[0-2]))? ?([Ll](?:[1-9]|1[0-2]))? ?([Mm](?:[1-9]|1[0-2]))? ?([Ss](?:[1-9]|1[0-2]))?)$/.test(v);}},D.getType('string'));return sap.tnt;});\n",
	"sap/tnt/manifest.json":"{\n  \"_version\": \"1.9.0\",\n  \"sap.app\": {\n    \"id\": \"sap.tnt\",\n    \"type\": \"library\",\n    \"embeds\": [],\n    \"applicationVersion\": {\n      \"version\": \"1.58.5\"\n    },\n    \"title\": \"SAPUI5 library with responsive controls.\",\n    \"description\": \"SAPUI5 library with responsive controls.\",\n    \"ach\": \"CA-UI5-CTR\",\n    \"resources\": \"resources.json\",\n    \"offline\": true\n  },\n  \"sap.ui\": {\n    \"technology\": \"UI5\",\n    \"supportedThemes\": [\n      \"base\",\n      \"sap_hcb\"\n    ]\n  },\n  \"sap.ui5\": {\n    \"dependencies\": {\n      \"minUI5Version\": \"1.58\",\n      \"libs\": {\n        \"sap.ui.core\": {\n          \"minVersion\": \"1.58.5\"\n        },\n        \"sap.m\": {\n          \"minVersion\": \"1.58.5\"\n        }\n      }\n    },\n    \"library\": {\n      \"i18n\": \"messagebundle.properties\",\n      \"content\": {\n        \"controls\": [\n          \"sap.tnt.NavigationList\",\n          \"sap.tnt.ToolHeaderUtilitySeparator\",\n          \"sap.tnt.ToolHeader\",\n          \"sap.tnt.SideNavigation\",\n          \"sap.tnt.ToolPage\",\n          \"sap.tnt.InfoLabel\",\n          \"sap.tnt.BoxContainer\",\n          \"sap.tnt.Box\"\n        ],\n        \"elements\": [\n          \"sap.tnt.NavigationListItem\"\n        ],\n        \"types\": [\n          \"sap.tnt.RenderMode\",\n          \"sap.tnt.BoxContainerLayoutConfiguration\"\n        ],\n        \"interfaces\": []\n      }\n    }\n  }\n}"
}}
