{
	"_version": "1.1.0",
	"resources": [
		{
			"name": ".library"
		},
		{
			"name": ".supportrc"
		},
		{
			"name": ".theming"
		},
		{
			"name": "Box-dbg.js",
			"module": "sap/tnt/Box.js",
			"isDebug": true,
			"required": [
				"sap/m/CustomListItem.js",
				"sap/tnt/BoxRenderer.js"
			]
		},
		{
			"name": "Box.js",
			"module": "sap/tnt/Box.js",
			"required": [
				"sap/m/CustomListItem.js",
				"sap/tnt/BoxRenderer.js"
			]
		},
		{
			"name": "BoxContainer-dbg.js",
			"module": "sap/tnt/BoxContainer.js",
			"isDebug": true,
			"required": [
				"sap/tnt/BoxContainerList.js",
				"sap/tnt/BoxContainerRenderer.js",
				"sap/ui/core/Control.js"
			]
		},
		{
			"name": "BoxContainer.js",
			"module": "sap/tnt/BoxContainer.js",
			"required": [
				"sap/tnt/BoxContainerList.js",
				"sap/tnt/BoxContainerRenderer.js",
				"sap/ui/core/Control.js"
			]
		},
		{
			"name": "BoxContainerList-dbg.js",
			"module": "sap/tnt/BoxContainerList.js",
			"isDebug": true,
			"required": [
				"sap/m/ListBase.js",
				"sap/m/library.js",
				"sap/tnt/Box.js",
				"sap/ui/Device.js",
				"sap/ui/core/ResizeHandler.js",
				"sap/ui/thirdparty/jquery.js"
			]
		},
		{
			"name": "BoxContainerList.js",
			"module": "sap/tnt/BoxContainerList.js",
			"required": [
				"sap/m/ListBase.js",
				"sap/m/library.js",
				"sap/tnt/Box.js",
				"sap/ui/Device.js",
				"sap/ui/core/ResizeHandler.js",
				"sap/ui/thirdparty/jquery.js"
			]
		},
		{
			"name": "BoxContainerListRenderer-dbg.js",
			"module": "sap/tnt/BoxContainerListRenderer.js",
			"isDebug": true,
			"required": [
				"sap/m/library.js",
				"sap/ui/Device.js"
			]
		},
		{
			"name": "BoxContainerListRenderer.js",
			"module": "sap/tnt/BoxContainerListRenderer.js",
			"required": [
				"sap/m/library.js",
				"sap/ui/Device.js"
			]
		},
		{
			"name": "BoxContainerRenderer-dbg.js",
			"module": "sap/tnt/BoxContainerRenderer.js",
			"isDebug": true,
			"required": [
				"sap/ui/Device.js"
			]
		},
		{
			"name": "BoxContainerRenderer.js",
			"module": "sap/tnt/BoxContainerRenderer.js",
			"required": [
				"sap/ui/Device.js"
			]
		},
		{
			"name": "BoxRenderer-dbg.js",
			"module": "sap/tnt/BoxRenderer.js",
			"isDebug": true,
			"required": [
				"sap/m/CustomListItemRenderer.js",
				"sap/ui/Device.js",
				"sap/ui/core/Renderer.js"
			]
		},
		{
			"name": "BoxRenderer.js",
			"module": "sap/tnt/BoxRenderer.js",
			"required": [
				"sap/m/CustomListItemRenderer.js",
				"sap/ui/Device.js",
				"sap/ui/core/Renderer.js"
			]
		},
		{
			"name": "InfoLabel-dbg.js",
			"module": "sap/tnt/InfoLabel.js",
			"isDebug": true,
			"required": [
				"sap/base/Log.js",
				"sap/tnt/InfoLabelRenderer.js",
				"sap/tnt/library.js",
				"sap/ui/core/Control.js",
				"sap/ui/core/library.js"
			]
		},
		{
			"name": "InfoLabel.control",
			"designtime": true
		},
		{
			"name": "InfoLabel.js",
			"module": "sap/tnt/InfoLabel.js",
			"required": [
				"sap/base/Log.js",
				"sap/tnt/InfoLabelRenderer.js",
				"sap/tnt/library.js",
				"sap/ui/core/Control.js",
				"sap/ui/core/library.js"
			]
		},
		{
			"name": "InfoLabelRenderer-dbg.js",
			"module": "sap/tnt/InfoLabelRenderer.js",
			"isDebug": true,
			"required": [
				"sap/tnt/library.js",
				"sap/ui/core/Renderer.js",
				"sap/ui/core/library.js"
			]
		},
		{
			"name": "InfoLabelRenderer.js",
			"module": "sap/tnt/InfoLabelRenderer.js",
			"required": [
				"sap/tnt/library.js",
				"sap/ui/core/Renderer.js",
				"sap/ui/core/library.js"
			]
		},
		{
			"name": "NavigationList-dbg.js",
			"module": "sap/tnt/NavigationList.js",
			"isDebug": true,
			"required": [
				"jquery.sap.global.js",
				"sap/base/Log.js",
				"sap/m/Popover.js",
				"sap/tnt/NavigationListRenderer.js",
				"sap/tnt/library.js",
				"sap/ui/core/Control.js",
				"sap/ui/core/InvisibleText.js",
				"sap/ui/core/delegate/ItemNavigation.js"
			],
			"condRequired": [
				"sap/tnt/NavigationListItem.js"
			]
		},
		{
			"name": "NavigationList.control",
			"designtime": true
		},
		{
			"name": "NavigationList.js",
			"module": "sap/tnt/NavigationList.js",
			"required": [
				"jquery.sap.global.js",
				"sap/base/Log.js",
				"sap/m/Popover.js",
				"sap/tnt/NavigationListRenderer.js",
				"sap/tnt/library.js",
				"sap/ui/core/Control.js",
				"sap/ui/core/InvisibleText.js",
				"sap/ui/core/delegate/ItemNavigation.js"
			],
			"condRequired": [
				"sap/tnt/NavigationListItem.js"
			]
		},
		{
			"name": "NavigationListItem-dbg.js",
			"module": "sap/tnt/NavigationListItem.js",
			"isDebug": true,
			"required": [
				"sap/tnt/NavigationList.js",
				"sap/tnt/library.js",
				"sap/ui/core/Icon.js",
				"sap/ui/core/IconPool.js",
				"sap/ui/core/Item.js",
				"sap/ui/core/Renderer.js",
				"sap/ui/events/KeyCodes.js"
			]
		},
		{
			"name": "NavigationListItem.control",
			"designtime": true
		},
		{
			"name": "NavigationListItem.js",
			"module": "sap/tnt/NavigationListItem.js",
			"required": [
				"sap/tnt/NavigationList.js",
				"sap/tnt/library.js",
				"sap/ui/core/Icon.js",
				"sap/ui/core/IconPool.js",
				"sap/ui/core/Item.js",
				"sap/ui/core/Renderer.js",
				"sap/ui/events/KeyCodes.js"
			]
		},
		{
			"name": "NavigationListRenderer-dbg.js",
			"module": "sap/tnt/NavigationListRenderer.js",
			"isDebug": true,
			"required": [
				"sap/ui/core/Renderer.js"
			]
		},
		{
			"name": "NavigationListRenderer.js",
			"module": "sap/tnt/NavigationListRenderer.js",
			"required": [
				"sap/ui/core/Renderer.js"
			]
		},
		{
			"name": "RenderMode.type",
			"designtime": true
		},
		{
			"name": "SideNavigation-dbg.js",
			"module": "sap/tnt/SideNavigation.js",
			"isDebug": true,
			"required": [
				"sap/tnt/SideNavigationRenderer.js",
				"sap/tnt/library.js",
				"sap/ui/core/Control.js",
				"sap/ui/core/Icon.js",
				"sap/ui/core/ResizeHandler.js",
				"sap/ui/core/delegate/ScrollEnablement.js"
			]
		},
		{
			"name": "SideNavigation.control",
			"designtime": true
		},
		{
			"name": "SideNavigation.js",
			"module": "sap/tnt/SideNavigation.js",
			"required": [
				"sap/tnt/SideNavigationRenderer.js",
				"sap/tnt/library.js",
				"sap/ui/core/Control.js",
				"sap/ui/core/Icon.js",
				"sap/ui/core/ResizeHandler.js",
				"sap/ui/core/delegate/ScrollEnablement.js"
			]
		},
		{
			"name": "SideNavigationRenderer-dbg.js",
			"module": "sap/tnt/SideNavigationRenderer.js",
			"isDebug": true
		},
		{
			"name": "SideNavigationRenderer.js",
			"module": "sap/tnt/SideNavigationRenderer.js"
		},
		{
			"name": "ToolHeader-dbg.js",
			"module": "sap/tnt/ToolHeader.js",
			"isDebug": true,
			"required": [
				"sap/m/OverflowToolbar.js",
				"sap/m/OverflowToolbarAssociativePopover.js",
				"sap/tnt/ToolHeaderRenderer.js",
				"sap/tnt/library.js",
				"sap/ui/core/Control.js"
			]
		},
		{
			"name": "ToolHeader.control",
			"designtime": true
		},
		{
			"name": "ToolHeader.js",
			"module": "sap/tnt/ToolHeader.js",
			"required": [
				"sap/m/OverflowToolbar.js",
				"sap/m/OverflowToolbarAssociativePopover.js",
				"sap/tnt/ToolHeaderRenderer.js",
				"sap/tnt/library.js",
				"sap/ui/core/Control.js"
			]
		},
		{
			"name": "ToolHeaderRenderer-dbg.js",
			"module": "sap/tnt/ToolHeaderRenderer.js",
			"isDebug": true,
			"required": [
				"sap/m/BarInPageEnabler.js",
				"sap/m/OverflowToolbarRenderer.js",
				"sap/ui/core/Renderer.js"
			]
		},
		{
			"name": "ToolHeaderRenderer.js",
			"module": "sap/tnt/ToolHeaderRenderer.js",
			"required": [
				"sap/m/BarInPageEnabler.js",
				"sap/m/OverflowToolbarRenderer.js",
				"sap/ui/core/Renderer.js"
			]
		},
		{
			"name": "ToolHeaderUtilitySeparator-dbg.js",
			"module": "sap/tnt/ToolHeaderUtilitySeparator.js",
			"isDebug": true,
			"required": [
				"sap/tnt/library.js",
				"sap/ui/core/Control.js"
			]
		},
		{
			"name": "ToolHeaderUtilitySeparator.control",
			"designtime": true
		},
		{
			"name": "ToolHeaderUtilitySeparator.js",
			"module": "sap/tnt/ToolHeaderUtilitySeparator.js",
			"required": [
				"sap/tnt/library.js",
				"sap/ui/core/Control.js"
			]
		},
		{
			"name": "ToolPage-dbg.js",
			"module": "sap/tnt/ToolPage.js",
			"isDebug": true,
			"required": [
				"sap/tnt/ToolPageRenderer.js",
				"sap/tnt/library.js",
				"sap/ui/Device.js",
				"sap/ui/core/Control.js",
				"sap/ui/core/ResizeHandler.js"
			]
		},
		{
			"name": "ToolPage.control",
			"designtime": true
		},
		{
			"name": "ToolPage.js",
			"module": "sap/tnt/ToolPage.js",
			"required": [
				"sap/tnt/ToolPageRenderer.js",
				"sap/tnt/library.js",
				"sap/ui/Device.js",
				"sap/ui/core/Control.js",
				"sap/ui/core/ResizeHandler.js"
			]
		},
		{
			"name": "ToolPageRenderer-dbg.js",
			"module": "sap/tnt/ToolPageRenderer.js",
			"isDebug": true
		},
		{
			"name": "ToolPageRenderer.js",
			"module": "sap/tnt/ToolPageRenderer.js"
		},
		{
			"name": "library-dbg.js",
			"module": "sap/tnt/library.js",
			"isDebug": true,
			"required": [
				"sap/m/library.js",
				"sap/ui/base/DataType.js",
				"sap/ui/core/library.js"
			]
		},
		{
			"name": "library-h2-preload-dbg.js",
			"module": "sap/tnt/library-h2-preload.js",
			"isDebug": true,
			"merged": true,
			"required": [
				"jquery.sap.global.js",
				"sap/base/Log.js",
				"sap/m/BarInPageEnabler.js",
				"sap/m/CustomListItem.js",
				"sap/m/CustomListItemRenderer.js",
				"sap/m/ListBase.js",
				"sap/m/OverflowToolbar.js",
				"sap/m/OverflowToolbarAssociativePopover.js",
				"sap/m/OverflowToolbarRenderer.js",
				"sap/m/Popover.js",
				"sap/m/library.js",
				"sap/ui/Device.js",
				"sap/ui/base/DataType.js",
				"sap/ui/core/Control.js",
				"sap/ui/core/Icon.js",
				"sap/ui/core/IconPool.js",
				"sap/ui/core/InvisibleText.js",
				"sap/ui/core/Item.js",
				"sap/ui/core/Renderer.js",
				"sap/ui/core/ResizeHandler.js",
				"sap/ui/core/delegate/ItemNavigation.js",
				"sap/ui/core/delegate/ScrollEnablement.js",
				"sap/ui/core/library.js",
				"sap/ui/events/KeyCodes.js",
				"sap/ui/thirdparty/jquery.js"
			],
			"included": [
				"sap/tnt/library.js",
				"sap/tnt/manifest.json",
				"sap/tnt/Box.js",
				"sap/tnt/BoxContainer.js",
				"sap/tnt/BoxContainerList.js",
				"sap/tnt/BoxContainerListRenderer.js",
				"sap/tnt/BoxContainerRenderer.js",
				"sap/tnt/BoxRenderer.js",
				"sap/tnt/InfoLabel.js",
				"sap/tnt/InfoLabelRenderer.js",
				"sap/tnt/NavigationList.js",
				"sap/tnt/NavigationListItem.js",
				"sap/tnt/NavigationListRenderer.js",
				"sap/tnt/SideNavigation.js",
				"sap/tnt/SideNavigationRenderer.js",
				"sap/tnt/ToolHeader.js",
				"sap/tnt/ToolHeaderRenderer.js",
				"sap/tnt/ToolHeaderUtilitySeparator.js",
				"sap/tnt/ToolPage.js",
				"sap/tnt/ToolPageRenderer.js"
			]
		},
		{
			"name": "library-h2-preload.js",
			"module": "sap/tnt/library-h2-preload.js",
			"merged": true,
			"required": [
				"jquery.sap.global.js",
				"sap/base/Log.js",
				"sap/m/BarInPageEnabler.js",
				"sap/m/CustomListItem.js",
				"sap/m/CustomListItemRenderer.js",
				"sap/m/ListBase.js",
				"sap/m/OverflowToolbar.js",
				"sap/m/OverflowToolbarAssociativePopover.js",
				"sap/m/OverflowToolbarRenderer.js",
				"sap/m/Popover.js",
				"sap/m/library.js",
				"sap/ui/Device.js",
				"sap/ui/base/DataType.js",
				"sap/ui/core/Control.js",
				"sap/ui/core/Icon.js",
				"sap/ui/core/IconPool.js",
				"sap/ui/core/InvisibleText.js",
				"sap/ui/core/Item.js",
				"sap/ui/core/Renderer.js",
				"sap/ui/core/ResizeHandler.js",
				"sap/ui/core/delegate/ItemNavigation.js",
				"sap/ui/core/delegate/ScrollEnablement.js",
				"sap/ui/core/library.js",
				"sap/ui/events/KeyCodes.js",
				"sap/ui/thirdparty/jquery.js"
			],
			"included": [
				"sap/tnt/library.js",
				"sap/tnt/manifest.json",
				"sap/tnt/Box.js",
				"sap/tnt/BoxContainer.js",
				"sap/tnt/BoxContainerList.js",
				"sap/tnt/BoxContainerListRenderer.js",
				"sap/tnt/BoxContainerRenderer.js",
				"sap/tnt/BoxRenderer.js",
				"sap/tnt/InfoLabel.js",
				"sap/tnt/InfoLabelRenderer.js",
				"sap/tnt/NavigationList.js",
				"sap/tnt/NavigationListItem.js",
				"sap/tnt/NavigationListRenderer.js",
				"sap/tnt/SideNavigation.js",
				"sap/tnt/SideNavigationRenderer.js",
				"sap/tnt/ToolHeader.js",
				"sap/tnt/ToolHeaderRenderer.js",
				"sap/tnt/ToolHeaderUtilitySeparator.js",
				"sap/tnt/ToolPage.js",
				"sap/tnt/ToolPageRenderer.js"
			]
		},
		{
			"name": "library-h2-preload.js.map",
			"isDebug": true
		},
		{
			"name": "library-preload.js",
			"module": "sap/tnt/library-preload.js",
			"merged": true,
			"required": [
				"jquery.sap.global.js",
				"sap/base/Log.js",
				"sap/m/BarInPageEnabler.js",
				"sap/m/CustomListItem.js",
				"sap/m/CustomListItemRenderer.js",
				"sap/m/ListBase.js",
				"sap/m/OverflowToolbar.js",
				"sap/m/OverflowToolbarAssociativePopover.js",
				"sap/m/OverflowToolbarRenderer.js",
				"sap/m/Popover.js",
				"sap/m/library.js",
				"sap/ui/Device.js",
				"sap/ui/base/DataType.js",
				"sap/ui/core/Control.js",
				"sap/ui/core/Icon.js",
				"sap/ui/core/IconPool.js",
				"sap/ui/core/InvisibleText.js",
				"sap/ui/core/Item.js",
				"sap/ui/core/Renderer.js",
				"sap/ui/core/ResizeHandler.js",
				"sap/ui/core/delegate/ItemNavigation.js",
				"sap/ui/core/delegate/ScrollEnablement.js",
				"sap/ui/core/library.js",
				"sap/ui/events/KeyCodes.js",
				"sap/ui/thirdparty/jquery.js"
			],
			"included": [
				"sap/tnt/Box.js",
				"sap/tnt/BoxContainer.js",
				"sap/tnt/BoxContainerList.js",
				"sap/tnt/BoxContainerListRenderer.js",
				"sap/tnt/BoxContainerRenderer.js",
				"sap/tnt/BoxRenderer.js",
				"sap/tnt/InfoLabel.js",
				"sap/tnt/InfoLabelRenderer.js",
				"sap/tnt/NavigationList.js",
				"sap/tnt/NavigationListItem.js",
				"sap/tnt/NavigationListRenderer.js",
				"sap/tnt/SideNavigation.js",
				"sap/tnt/SideNavigationRenderer.js",
				"sap/tnt/ToolHeader.js",
				"sap/tnt/ToolHeaderRenderer.js",
				"sap/tnt/ToolHeaderUtilitySeparator.js",
				"sap/tnt/ToolPage.js",
				"sap/tnt/ToolPageRenderer.js",
				"sap/tnt/library.js",
				"sap/tnt/manifest.json"
			]
		},
		{
			"name": "library-preload.js.map",
			"isDebug": true
		},
		{
			"name": "library-preload.json",
			"module": "sap/tnt/library-preload.json",
			"merged": true,
			"required": [
				"jquery.sap.global.js",
				"sap/base/Log.js",
				"sap/m/BarInPageEnabler.js",
				"sap/m/CustomListItem.js",
				"sap/m/CustomListItemRenderer.js",
				"sap/m/ListBase.js",
				"sap/m/OverflowToolbar.js",
				"sap/m/OverflowToolbarAssociativePopover.js",
				"sap/m/OverflowToolbarRenderer.js",
				"sap/m/Popover.js",
				"sap/m/library-preload.json",
				"sap/m/library.js",
				"sap/ui/Device.js",
				"sap/ui/base/DataType.js",
				"sap/ui/core/Control.js",
				"sap/ui/core/Icon.js",
				"sap/ui/core/IconPool.js",
				"sap/ui/core/InvisibleText.js",
				"sap/ui/core/Item.js",
				"sap/ui/core/Renderer.js",
				"sap/ui/core/ResizeHandler.js",
				"sap/ui/core/delegate/ItemNavigation.js",
				"sap/ui/core/delegate/ScrollEnablement.js",
				"sap/ui/core/library-preload.json",
				"sap/ui/core/library.js",
				"sap/ui/events/KeyCodes.js",
				"sap/ui/thirdparty/jquery.js"
			],
			"included": [
				"sap/tnt/Box.js",
				"sap/tnt/BoxContainer.js",
				"sap/tnt/BoxContainerList.js",
				"sap/tnt/BoxContainerListRenderer.js",
				"sap/tnt/BoxContainerRenderer.js",
				"sap/tnt/BoxRenderer.js",
				"sap/tnt/InfoLabel.js",
				"sap/tnt/InfoLabelRenderer.js",
				"sap/tnt/NavigationList.js",
				"sap/tnt/NavigationListItem.js",
				"sap/tnt/NavigationListRenderer.js",
				"sap/tnt/SideNavigation.js",
				"sap/tnt/SideNavigationRenderer.js",
				"sap/tnt/ToolHeader.js",
				"sap/tnt/ToolHeaderRenderer.js",
				"sap/tnt/ToolHeaderUtilitySeparator.js",
				"sap/tnt/ToolPage.js",
				"sap/tnt/ToolPageRenderer.js",
				"sap/tnt/library.js",
				"sap/tnt/manifest.json"
			]
		},
		{
			"name": "library.dependencies.json",
			"designtime": true
		},
		{
			"name": "library.dependencies.xml",
			"designtime": true
		},
		{
			"name": "library.js",
			"module": "sap/tnt/library.js",
			"required": [
				"sap/m/library.js",
				"sap/ui/base/DataType.js",
				"sap/ui/core/library.js"
			]
		},
		{
			"name": "library.templates.xml",
			"designtime": true
		},
		{
			"name": "manifest.json",
			"module": "sap/tnt/manifest.json"
		},
		{
			"name": "messagebundle.properties",
			"module": "sap/tnt/messagebundle.properties",
			"locale": "",
			"raw": "messagebundle.properties"
		},
		{
			"name": "messagebundle_ar.properties",
			"module": "sap/tnt/messagebundle_ar.properties",
			"locale": "ar",
			"raw": "messagebundle.properties"
		},
		{
			"name": "messagebundle_bg.properties",
			"module": "sap/tnt/messagebundle_bg.properties",
			"locale": "bg",
			"raw": "messagebundle.properties"
		},
		{
			"name": "messagebundle_ca.properties",
			"module": "sap/tnt/messagebundle_ca.properties",
			"locale": "ca",
			"raw": "messagebundle.properties"
		},
		{
			"name": "messagebundle_cs.properties",
			"module": "sap/tnt/messagebundle_cs.properties",
			"locale": "cs",
			"raw": "messagebundle.properties"
		},
		{
			"name": "messagebundle_da.properties",
			"module": "sap/tnt/messagebundle_da.properties",
			"locale": "da",
			"raw": "messagebundle.properties"
		},
		{
			"name": "messagebundle_de.properties",
			"module": "sap/tnt/messagebundle_de.properties",
			"locale": "de",
			"raw": "messagebundle.properties"
		},
		{
			"name": "messagebundle_el.properties",
			"module": "sap/tnt/messagebundle_el.properties",
			"locale": "el",
			"raw": "messagebundle.properties"
		},
		{
			"name": "messagebundle_en.properties",
			"module": "sap/tnt/messagebundle_en.properties",
			"locale": "en",
			"raw": "messagebundle.properties"
		},
		{
			"name": "messagebundle_en_US_sappsd.properties",
			"module": "sap/tnt/messagebundle_en_US_sappsd.properties",
			"locale": "en_US_sappsd",
			"raw": "messagebundle.properties"
		},
		{
			"name": "messagebundle_en_US_saptrc.properties",
			"module": "sap/tnt/messagebundle_en_US_saptrc.properties",
			"locale": "en_US_saptrc",
			"raw": "messagebundle.properties"
		},
		{
			"name": "messagebundle_es.properties",
			"module": "sap/tnt/messagebundle_es.properties",
			"locale": "es",
			"raw": "messagebundle.properties"
		},
		{
			"name": "messagebundle_et.properties",
			"module": "sap/tnt/messagebundle_et.properties",
			"locale": "et",
			"raw": "messagebundle.properties"
		},
		{
			"name": "messagebundle_fi.properties",
			"module": "sap/tnt/messagebundle_fi.properties",
			"locale": "fi",
			"raw": "messagebundle.properties"
		},
		{
			"name": "messagebundle_fr.properties",
			"module": "sap/tnt/messagebundle_fr.properties",
			"locale": "fr",
			"raw": "messagebundle.properties"
		},
		{
			"name": "messagebundle_hi.properties",
			"module": "sap/tnt/messagebundle_hi.properties",
			"locale": "hi",
			"raw": "messagebundle.properties"
		},
		{
			"name": "messagebundle_hr.properties",
			"module": "sap/tnt/messagebundle_hr.properties",
			"locale": "hr",
			"raw": "messagebundle.properties"
		},
		{
			"name": "messagebundle_hu.properties",
			"module": "sap/tnt/messagebundle_hu.properties",
			"locale": "hu",
			"raw": "messagebundle.properties"
		},
		{
			"name": "messagebundle_it.properties",
			"module": "sap/tnt/messagebundle_it.properties",
			"locale": "it",
			"raw": "messagebundle.properties"
		},
		{
			"name": "messagebundle_iw.properties",
			"module": "sap/tnt/messagebundle_iw.properties",
			"locale": "iw",
			"raw": "messagebundle.properties"
		},
		{
			"name": "messagebundle_ja.properties",
			"module": "sap/tnt/messagebundle_ja.properties",
			"locale": "ja",
			"raw": "messagebundle.properties"
		},
		{
			"name": "messagebundle_kk.properties",
			"module": "sap/tnt/messagebundle_kk.properties",
			"locale": "kk",
			"raw": "messagebundle.properties"
		},
		{
			"name": "messagebundle_ko.properties",
			"module": "sap/tnt/messagebundle_ko.properties",
			"locale": "ko",
			"raw": "messagebundle.properties"
		},
		{
			"name": "messagebundle_lt.properties",
			"module": "sap/tnt/messagebundle_lt.properties",
			"locale": "lt",
			"raw": "messagebundle.properties"
		},
		{
			"name": "messagebundle_lv.properties",
			"module": "sap/tnt/messagebundle_lv.properties",
			"locale": "lv",
			"raw": "messagebundle.properties"
		},
		{
			"name": "messagebundle_ms.properties",
			"module": "sap/tnt/messagebundle_ms.properties",
			"locale": "ms",
			"raw": "messagebundle.properties"
		},
		{
			"name": "messagebundle_nl.properties",
			"module": "sap/tnt/messagebundle_nl.properties",
			"locale": "nl",
			"raw": "messagebundle.properties"
		},
		{
			"name": "messagebundle_no.properties",
			"module": "sap/tnt/messagebundle_no.properties",
			"locale": "no",
			"raw": "messagebundle.properties"
		},
		{
			"name": "messagebundle_pl.properties",
			"module": "sap/tnt/messagebundle_pl.properties",
			"locale": "pl",
			"raw": "messagebundle.properties"
		},
		{
			"name": "messagebundle_pt.properties",
			"module": "sap/tnt/messagebundle_pt.properties",
			"locale": "pt",
			"raw": "messagebundle.properties"
		},
		{
			"name": "messagebundle_ro.properties",
			"module": "sap/tnt/messagebundle_ro.properties",
			"locale": "ro",
			"raw": "messagebundle.properties"
		},
		{
			"name": "messagebundle_ru.properties",
			"module": "sap/tnt/messagebundle_ru.properties",
			"locale": "ru",
			"raw": "messagebundle.properties"
		},
		{
			"name": "messagebundle_sh.properties",
			"module": "sap/tnt/messagebundle_sh.properties",
			"locale": "sh",
			"raw": "messagebundle.properties"
		},
		{
			"name": "messagebundle_sk.properties",
			"module": "sap/tnt/messagebundle_sk.properties",
			"locale": "sk",
			"raw": "messagebundle.properties"
		},
		{
			"name": "messagebundle_sl.properties",
			"module": "sap/tnt/messagebundle_sl.properties",
			"locale": "sl",
			"raw": "messagebundle.properties"
		},
		{
			"name": "messagebundle_sv.properties",
			"module": "sap/tnt/messagebundle_sv.properties",
			"locale": "sv",
			"raw": "messagebundle.properties"
		},
		{
			"name": "messagebundle_th.properties",
			"module": "sap/tnt/messagebundle_th.properties",
			"locale": "th",
			"raw": "messagebundle.properties"
		},
		{
			"name": "messagebundle_tr.properties",
			"module": "sap/tnt/messagebundle_tr.properties",
			"locale": "tr",
			"raw": "messagebundle.properties"
		},
		{
			"name": "messagebundle_uk.properties",
			"module": "sap/tnt/messagebundle_uk.properties",
			"locale": "uk",
			"raw": "messagebundle.properties"
		},
		{
			"name": "messagebundle_vi.properties",
			"module": "sap/tnt/messagebundle_vi.properties",
			"locale": "vi",
			"raw": "messagebundle.properties"
		},
		{
			"name": "messagebundle_zh_CN.properties",
			"module": "sap/tnt/messagebundle_zh_CN.properties",
			"locale": "zh_CN",
			"raw": "messagebundle.properties"
		},
		{
			"name": "messagebundle_zh_TW.properties",
			"module": "sap/tnt/messagebundle_zh_TW.properties",
			"locale": "zh_TW",
			"raw": "messagebundle.properties"
		},
		{
			"name": "resources.json"
		},
		{
			"name": "themes/base/.theming",
			"theme": "base"
		},
		{
			"name": "themes/base/Box.less",
			"designtime": true,
			"theme": "base"
		},
		{
			"name": "themes/base/BoxContainerList.less",
			"designtime": true,
			"theme": "base"
		},
		{
			"name": "themes/base/InfoLabel.less",
			"designtime": true,
			"theme": "base"
		},
		{
			"name": "themes/base/NavigationList.less",
			"designtime": true,
			"theme": "base"
		},
		{
			"name": "themes/base/SideNavigation.less",
			"designtime": true,
			"theme": "base"
		},
		{
			"name": "themes/base/ToolHeader.less",
			"designtime": true,
			"theme": "base"
		},
		{
			"name": "themes/base/ToolPage.less",
			"designtime": true,
			"theme": "base"
		},
		{
			"name": "themes/base/fonts/SAP-icons-TNT.json",
			"theme": "base"
		},
		{
			"name": "themes/base/fonts/SAP-icons-TNT.ttf",
			"theme": "base"
		},
		{
			"name": "themes/base/fonts/SAP-icons-TNT.woff",
			"theme": "base"
		},
		{
			"name": "themes/base/fonts/SAP-icons-TNT.woff2",
			"theme": "base"
		},
		{
			"name": "themes/base/library-RTL-dbg.css",
			"isDebug": true,
			"theme": "base"
		},
		{
			"name": "themes/base/library-RTL.css",
			"theme": "base"
		},
		{
			"name": "themes/base/library-dbg.css",
			"isDebug": true,
			"theme": "base"
		},
		{
			"name": "themes/base/library-parameters.json",
			"theme": "base"
		},
		{
			"name": "themes/base/library.css",
			"theme": "base"
		},
		{
			"name": "themes/base/library.less",
			"designtime": true,
			"theme": "base"
		},
		{
			"name": "themes/base/library.source.less",
			"designtime": true,
			"theme": "base"
		},
		{
			"name": "themes/sap_hcb/.theming",
			"theme": "sap_hcb"
		},
		{
			"name": "themes/sap_hcb/NavigationList.less",
			"designtime": true,
			"theme": "sap_hcb"
		},
		{
			"name": "themes/sap_hcb/library-RTL-dbg.css",
			"isDebug": true,
			"theme": "sap_hcb"
		},
		{
			"name": "themes/sap_hcb/library-RTL.css",
			"theme": "sap_hcb"
		},
		{
			"name": "themes/sap_hcb/library-dbg.css",
			"isDebug": true,
			"theme": "sap_hcb"
		},
		{
			"name": "themes/sap_hcb/library-parameters.json",
			"theme": "sap_hcb"
		},
		{
			"name": "themes/sap_hcb/library.css",
			"theme": "sap_hcb"
		},
		{
			"name": "themes/sap_hcb/library.less",
			"designtime": true,
			"theme": "sap_hcb"
		},
		{
			"name": "themes/sap_hcb/library.source.less",
			"designtime": true,
			"theme": "sap_hcb"
		}
	]
}