{
  "projectType": [
    "sap.watt.saptoolsets.fiori.project.ui5template.smartProject",
    "sap.watt.uitools.ide.fiori",
    "com.watt.common.builder.sapui5clientbuild",
    "sap.watt.saptoolsets.fiori.project.uiadaptation"
  ],
  "build": {
    "targetFolder": "dist",
    "sourceFolder": "webapp",
    "excludedFolders": [
      "test"
    ],
    "buildRequired": true
  },
  "generation": [
    {
      "templateId": "ui5template.smartTemplateCommon",
      "templateVersion": "1.40.12",
      "dateTimeStamp": "Wed, 02 May 2018 08:40:07 GMT"
    },
    {
      "templateId": "ui5template.smartTemplate",
      "templateVersion": "1.40.12",
      "dateTimeStamp": "Wed, 02 May 2018 08:40:09 GMT"
    },
    {
      "templateId": "uiadaptation.changespreviewjs",
      "templateVersion": "0.0.0",
      "dateTimeStamp": "Thu, 03 May 2018 06:48:21 GMT"
    },
    {
      "templateId": "uiadaptation.uiadaptationpanehtml",
      "templateVersion": "0.0.0",
      "dateTimeStamp": "Thu, 03 May 2018 08:39:57 GMT"
    },
    {
      "templateId": "ui5template.listreportextension",
      "templateVersion": "1.0.0",
      "dateTimeStamp": "Wed, 02 May 2018 09:59:18 GMT"
    }
  ],
  "mockpreview": {
    "mockUri": "/sap/opu/odata/sap/ZSFH_C_SALESORDERHEADER_CDS",
    "metadataFilePath": "",
    "loadJSONFiles": false,
    "loadCustomRequests": false,
    "mockRequestsFilePath": ""
  },
  "translation": {
    "translationDomain": "",
    "supportedLanguages": "en,fr,de",
    "defaultLanguage": "en",
    "defaultI18NPropertyFile": "i18n.properties",
    "resourceModelName": "i18n"
  },
  "basevalidator": {
    "services": {
      "xml": "fioriXmlAnalysis",
      "js": "fioriJsValidator"
    }
  },
  "codeCheckingTriggers": {
    "notifyBeforePush": true,
    "notifyBeforePushLevel": "Error",
    "blockPush": false,
    "blockPushLevel": "Error"
  }
}