{
  "modules" : [
    {
      "name" : "sap/f/Avatar.js",
      "description" : "Provides control sap.f.Avatar.",
      "size" : 11809,
      "compressedSize" : 4257,
      "required" : ["sap/base/Log.js", "sap/f/AvatarRenderer.js", "sap/f/library.js", "sap/ui/core/Control.js", "sap/ui/core/IconPool.js", "sap/ui/events/KeyCodes.js", "ui5loader-autoconfig.js"],
      "includes" : []
    },
    {
      "name" : "sap/f/AvatarRenderer.js",
      "description" : "Provides default renderer for control sap.f.Avatar",
      "size" : 3044,
      "compressedSize" : 1411,
      "required" : ["sap/base/security/encodeXML.js", "sap/f/library.js", "ui5loader-autoconfig.js"],
      "includes" : []
    },
    {
      "name" : "sap/f/DynamicPage.js",
      "description" : "Provides control sap.f.DynamicPage.",
      "size" : 61628,
      "compressedSize" : 25249,
      "required" : ["sap/base/Log.js", "sap/f/DynamicPageRenderer.js", "sap/f/DynamicPageTitle.js", "sap/f/library.js", "sap/ui/Device.js", "sap/ui/core/Control.js", "sap/ui/core/ResizeHandler.js", "sap/ui/core/ScrollBar.js", "sap/ui/core/delegate/ScrollEnablement.js", "sap/ui/dom/getScrollbarSize.js", "ui5loader-autoconfig.js"],
      "includes" : []
    },
    {
      "name" : "sap/f/DynamicPageHeader.js",
      "description" : "Provides control sap.f.DynamicPageHeader.",
      "size" : 12533,
      "compressedSize" : 4835,
      "required" : ["sap/f/DynamicPageHeaderRenderer.js", "sap/f/library.js", "sap/m/Button.js", "sap/m/ToggleButton.js", "sap/ui/Device.js", "sap/ui/core/Control.js", "ui5loader-autoconfig.js"],
      "includes" : []
    },
    {
      "name" : "sap/f/DynamicPageHeaderRenderer.js",
      "description" : "! UI development toolkit for HTML5 (OpenUI5) (c) Copyright 2009-2018 SAP SE or an SAP affiliate company. Licensed under the Apache License, Version 2.0 - see LICENSE.txt.",
      "size" : 2259,
      "compressedSize" : 1011,
      "required" : ["ui5loader-autoconfig.js"],
      "includes" : []
    },
    {
      "name" : "sap/f/DynamicPageRenderer.js",
      "description" : "! UI development toolkit for HTML5 (OpenUI5) (c) Copyright 2009-2018 SAP SE or an SAP affiliate company. Licensed under the Apache License, Version 2.0 - see LICENSE.txt.",
      "size" : 4549,
      "compressedSize" : 2381,
      "required" : ["sap/ui/Device.js", "ui5loader-autoconfig.js"],
      "includes" : []
    },
    {
      "name" : "sap/f/DynamicPageTitle.js",
      "description" : "Provides control sap.f.DynamicPageTitle.",
      "size" : 45940,
      "compressedSize" : 17584,
      "required" : ["sap/base/Log.js", "sap/f/DynamicPageTitleRenderer.js", "sap/f/library.js", "sap/m/Button.js", "sap/m/OverflowToolbar.js", "sap/m/Toolbar.js", "sap/m/ToolbarSeparator.js", "sap/m/library.js", "sap/ui/base/ManagedObjectObserver.js", "sap/ui/core/Control.js", "sap/ui/core/InvisibleText.js", "ui5loader-autoconfig.js"],
      "includes" : []
    },
    {
      "name" : "sap/f/DynamicPageTitleRenderer.js",
      "description" : "! UI development toolkit for HTML5 (OpenUI5) (c) Copyright 2009-2018 SAP SE or an SAP affiliate company. Licensed under the Apache License, Version 2.0 - see LICENSE.txt.",
      "size" : 9103,
      "compressedSize" : 5047,
      "required" : ["sap/f/library.js", "ui5loader-autoconfig.js"],
      "includes" : []
    },
    {
      "name" : "sap/f/FlexibleColumnLayout.js",
      "description" : "Provides control sap.f.FlexibleColumnLayout.",
      "size" : 72363,
      "compressedSize" : 20021,
      "required" : ["sap/base/assert.js", "sap/f/FlexibleColumnLayoutRenderer.js", "sap/f/library.js", "sap/m/Button.js", "sap/m/NavContainer.js", "sap/m/library.js", "sap/ui/Device.js", "sap/ui/core/Configuration.js", "sap/ui/core/Control.js", "sap/ui/core/ResizeHandler.js", "sap/ui/thirdparty/jquery.js", "ui5loader-autoconfig.js"],
      "includes" : []
    },
    {
      "name" : "sap/f/FlexibleColumnLayoutRenderer.js",
      "description" : "! UI development toolkit for HTML5 (OpenUI5) (c) Copyright 2009-2018 SAP SE or an SAP affiliate company. Licensed under the Apache License, Version 2.0 - see LICENSE.txt.",
      "size" : 3642,
      "compressedSize" : 2242,
      "required" : ["sap/m/library.js", "sap/ui/Device.js", "sap/ui/core/InvisibleText.js", "ui5loader-autoconfig.js"],
      "includes" : []
    },
    {
      "name" : "sap/f/FlexibleColumnLayoutSemanticHelper.js",
      "description" : "! UI development toolkit for HTML5 (OpenUI5) (c) Copyright 2009-2018 SAP SE or an SAP affiliate company. Licensed under the Apache License, Version 2.0 - see LICENSE.txt.",
      "size" : 19450,
      "compressedSize" : 4958,
      "required" : ["sap/base/assert.js", "sap/f/FlexibleColumnLayout.js", "sap/f/library.js", "ui5loader-autoconfig.js"],
      "includes" : []
    },
    {
      "name" : "sap/f/changeHandler/MoveDynamicPageTitleActions.js",
      "description" : "! UI development toolkit for HTML5 (OpenUI5) (c) Copyright 2009-2018 SAP SE or an SAP affiliate company. Licensed under the Apache License, Version 2.0 - see LICENSE.txt.",
      "size" : 4187,
      "compressedSize" : 1229,
      "required" : ["sap/ui/fl/Utils.js", "ui5loader-autoconfig.js"],
      "includes" : []
    },
    {
      "name" : "sap/f/designtime/Avatar.create.fragment.xml",
      "size" : 107,
      "required" : ["sap/f/Avatar.js", "sap/ui/core/Fragment.js"],
      "includes" : []
    },
    {
      "name" : "sap/f/designtime/Avatar.designtime.js",
      "description" : "Provides the Design Time Metadata for the sap.f.Avatar control",
      "size" : 424,
      "compressedSize" : 310,
      "required" : ["ui5loader-autoconfig.js"],
      "includes" : []
    },
    {
      "name" : "sap/f/designtime/DynamicPage.create.fragment.xml",
      "size" : 876,
      "required" : ["sap/f/DynamicPage.js", "sap/f/DynamicPageHeader.js", "sap/f/DynamicPageTitle.js", "sap/m/Button.js", "sap/m/OverflowToolbar.js", "sap/m/Text.js", "sap/m/Title.js", "sap/m/ToolbarSpacer.js", "sap/ui/core/Fragment.js"],
      "includes" : []
    },
    {
      "name" : "sap/f/designtime/DynamicPage.designtime.js",
      "description" : "Provides the Design Time Metadata for the sap.f.DynamicPage control",
      "size" : 961,
      "compressedSize" : 706,
      "required" : ["ui5loader-autoconfig.js"],
      "includes" : []
    },
    {
      "name" : "sap/f/designtime/DynamicPageHeader.designtime.js",
      "description" : "Provides the Design Time Metadata for the sap.f.DynamicPageHeader control",
      "size" : 755,
      "compressedSize" : 528,
      "required" : ["ui5loader-autoconfig.js"],
      "includes" : []
    },
    {
      "name" : "sap/f/designtime/DynamicPageTitle.designtime.js",
      "description" : "Provides the Design Time Metadata for the sap.f.DynamicPageTitle control",
      "size" : 2056,
      "compressedSize" : 1325,
      "required" : ["ui5loader-autoconfig.js"],
      "includes" : []
    },
    {
      "name" : "sap/f/designtime/SemanticPage.create.fragment.xml",
      "size" : 812,
      "required" : ["sap/f/semantic/SemanticPage.js", "sap/f/semantic/TitleMainAction.js", "sap/m/Button.js", "sap/m/OverflowToolbarButton.js", "sap/m/Text.js", "sap/m/Title.js", "sap/ui/core/Fragment.js"],
      "includes" : []
    },
    {
      "name" : "sap/f/designtime/SemanticPage.designtime.js",
      "description" : "Provides the Design Time Metadata for the sap.f.semantic.SemanticPage control",
      "size" : 10026,
      "compressedSize" : 5576,
      "required" : ["ui5loader-autoconfig.js"],
      "includes" : []
    },
    {
      "name" : "sap/f/designtime/library-preload.designtime.js",
      "size" : 8082,
      "required" : ["ui5loader-autoconfig.js"],
      "includes" : ["sap/f/designtime/Avatar.designtime.js", "sap/f/designtime/DynamicPage.designtime.js", "sap/f/designtime/DynamicPageHeader.designtime.js", "sap/f/designtime/DynamicPageTitle.designtime.js", "sap/f/designtime/SemanticPage.designtime.js", "sap/f/designtime/library.designtime.js"]
    },
    {
      "name" : "sap/f/designtime/library.designtime.js",
      "description" : "Initialization of designtime Code and shared classes for the library sap.ui.layout.",
      "size" : 343,
      "compressedSize" : 240,
      "required" : ["ui5loader-autoconfig.js"],
      "includes" : []
    },
    {
      "name" : "sap/f/designtime/messagebundle.properties",
      "size" : 501,
      "required" : [],
      "includes" : []
    },
    {
      "name" : "sap/f/designtime/messagebundle_ar.properties",
      "size" : 678,
      "required" : [],
      "includes" : []
    },
    {
      "name" : "sap/f/designtime/messagebundle_bg.properties",
      "size" : 918,
      "required" : [],
      "includes" : []
    },
    {
      "name" : "sap/f/designtime/messagebundle_ca.properties",
      "size" : 496,
      "required" : [],
      "includes" : []
    },
    {
      "name" : "sap/f/designtime/messagebundle_cs.properties",
      "size" : 478,
      "required" : [],
      "includes" : []
    },
    {
      "name" : "sap/f/designtime/messagebundle_da.properties",
      "size" : 421,
      "required" : [],
      "includes" : []
    },
    {
      "name" : "sap/f/designtime/messagebundle_de.properties",
      "size" : 434,
      "required" : [],
      "includes" : []
    },
    {
      "name" : "sap/f/designtime/messagebundle_el.properties",
      "size" : 732,
      "required" : [],
      "includes" : []
    },
    {
      "name" : "sap/f/designtime/messagebundle_en.properties",
      "size" : 430,
      "required" : [],
      "includes" : []
    },
    {
      "name" : "sap/f/designtime/messagebundle_en_US_sappsd.properties",
      "size" : 816,
      "required" : [],
      "includes" : []
    },
    {
      "name" : "sap/f/designtime/messagebundle_en_US_saptrc.properties",
      "size" : 522,
      "required" : [],
      "includes" : []
    },
    {
      "name" : "sap/f/designtime/messagebundle_es.properties",
      "size" : 486,
      "required" : [],
      "includes" : []
    },
    {
      "name" : "sap/f/designtime/messagebundle_et.properties",
      "size" : 437,
      "required" : [],
      "includes" : []
    },
    {
      "name" : "sap/f/designtime/messagebundle_fi.properties",
      "size" : 462,
      "required" : [],
      "includes" : []
    },
    {
      "name" : "sap/f/designtime/messagebundle_fr.properties",
      "size" : 454,
      "required" : [],
      "includes" : []
    },
    {
      "name" : "sap/f/designtime/messagebundle_hi.properties",
      "size" : 654,
      "required" : [],
      "includes" : []
    },
    {
      "name" : "sap/f/designtime/messagebundle_hr.properties",
      "size" : 453,
      "required" : [],
      "includes" : []
    },
    {
      "name" : "sap/f/designtime/messagebundle_hu.properties",
      "size" : 448,
      "required" : [],
      "includes" : []
    },
    {
      "name" : "sap/f/designtime/messagebundle_it.properties",
      "size" : 440,
      "required" : [],
      "includes" : []
    },
    {
      "name" : "sap/f/designtime/messagebundle_iw.properties",
      "size" : 607,
      "required" : [],
      "includes" : []
    },
    {
      "name" : "sap/f/designtime/messagebundle_ja.properties",
      "size" : 542,
      "required" : [],
      "includes" : []
    },
    {
      "name" : "sap/f/designtime/messagebundle_kk.properties",
      "size" : 690,
      "required" : [],
      "includes" : []
    },
    {
      "name" : "sap/f/designtime/messagebundle_ko.properties",
      "size" : 510,
      "required" : [],
      "includes" : []
    },
    {
      "name" : "sap/f/designtime/messagebundle_lt.properties",
      "size" : 491,
      "required" : [],
      "includes" : []
    },
    {
      "name" : "sap/f/designtime/messagebundle_lv.properties",
      "size" : 444,
      "required" : [],
      "includes" : []
    },
    {
      "name" : "sap/f/designtime/messagebundle_ms.properties",
      "size" : 446,
      "required" : [],
      "includes" : []
    },
    {
      "name" : "sap/f/designtime/messagebundle_nl.properties",
      "size" : 430,
      "required" : [],
      "includes" : []
    },
    {
      "name" : "sap/f/designtime/messagebundle_no.properties",
      "size" : 424,
      "required" : [],
      "includes" : []
    },
    {
      "name" : "sap/f/designtime/messagebundle_pl.properties",
      "size" : 469,
      "required" : [],
      "includes" : []
    },
    {
      "name" : "sap/f/designtime/messagebundle_pt.properties",
      "size" : 498,
      "required" : [],
      "includes" : []
    },
    {
      "name" : "sap/f/designtime/messagebundle_ro.properties",
      "size" : 457,
      "required" : [],
      "includes" : []
    },
    {
      "name" : "sap/f/designtime/messagebundle_ru.properties",
      "size" : 774,
      "required" : [],
      "includes" : []
    },
    {
      "name" : "sap/f/designtime/messagebundle_sh.properties",
      "size" : 453,
      "required" : [],
      "includes" : []
    },
    {
      "name" : "sap/f/designtime/messagebundle_sk.properties",
      "size" : 477,
      "required" : [],
      "includes" : []
    },
    {
      "name" : "sap/f/designtime/messagebundle_sl.properties",
      "size" : 437,
      "required" : [],
      "includes" : []
    },
    {
      "name" : "sap/f/designtime/messagebundle_sv.properties",
      "size" : 424,
      "required" : [],
      "includes" : []
    },
    {
      "name" : "sap/f/designtime/messagebundle_th.properties",
      "size" : 710,
      "required" : [],
      "includes" : []
    },
    {
      "name" : "sap/f/designtime/messagebundle_tr.properties",
      "size" : 496,
      "required" : [],
      "includes" : []
    },
    {
      "name" : "sap/f/designtime/messagebundle_uk.properties",
      "size" : 798,
      "required" : [],
      "includes" : []
    },
    {
      "name" : "sap/f/designtime/messagebundle_vi.properties",
      "size" : 522,
      "required" : [],
      "includes" : []
    },
    {
      "name" : "sap/f/designtime/messagebundle_zh_CN.properties",
      "size" : 458,
      "required" : [],
      "includes" : []
    },
    {
      "name" : "sap/f/designtime/messagebundle_zh_TW.properties",
      "size" : 482,
      "required" : [],
      "includes" : []
    },
    {
      "name" : "sap/f/flexibility/DynamicPageTitle.flexibility.js",
      "description" : "! UI development toolkit for HTML5 (OpenUI5) (c) Copyright 2009-2018 SAP SE or an SAP affiliate company. Licensed under the Apache License, Version 2.0 - see LICENSE.txt.",
      "size" : 863,
      "compressedSize" : 613,
      "required" : ["sap/f/changeHandler/MoveDynamicPageTitleActions.js", "sap/m/changeHandler/CombineButtons.js", "sap/m/changeHandler/SplitMenuButton.js", "ui5loader-autoconfig.js"],
      "includes" : []
    },
    {
      "name" : "sap/f/library-h2-preload.js",
      "size" : 10802,
      "required" : ["sap/base/Log.js", "sap/base/assert.js", "sap/base/security/encodeXML.js", "sap/m/ActionSheet.js", "sap/m/Button.js", "sap/m/InstanceManager.js", "sap/m/NavContainer.js", "sap/m/OverflowToolbar.js", "sap/m/OverflowToolbarButton.js", "sap/m/OverflowToolbarLayoutData.js", "sap/m/Text.js", "sap/m/Title.js", "sap/m/ToggleButton.js", "sap/m/Toolbar.js", "sap/m/ToolbarSeparator.js", "sap/m/ToolbarSpacer.js", "sap/m/changeHandler/CombineButtons.js", "sap/m/changeHandler/SplitMenuButton.js", "sap/m/library.js", "sap/ui/Device.js", "sap/ui/Global.js", "sap/ui/base/DataType.js", "sap/ui/base/EventProvider.js", "sap/ui/base/ManagedObject.js", "sap/ui/base/ManagedObjectObserver.js", "sap/ui/base/Metadata.js", "sap/ui/base/Object.js", "sap/ui/core/Configuration.js", "sap/ui/core/Control.js", "sap/ui/core/Element.js", "sap/ui/core/Fragment.js", "sap/ui/core/IconPool.js", "sap/ui/core/InvisibleText.js", "sap/ui/core/ResizeHandler.js", "sap/ui/core/ScrollBar.js", "sap/ui/core/delegate/ScrollEnablement.js", "sap/ui/core/library.js", "sap/ui/core/routing/History.js", "sap/ui/core/routing/Router.js", "sap/ui/core/routing/Target.js", "sap/ui/core/routing/Targets.js", "sap/ui/dom/getScrollbarSize.js", "sap/ui/events/KeyCodes.js", "sap/ui/fl/Utils.js", "sap/ui/thirdparty/jquery.js", "ui5loader-autoconfig.js"],
      "includes" : ["sap/f/library.js", "sap/f/manifest.json", "sap/f/Avatar.js", "sap/f/AvatarRenderer.js", "sap/f/DynamicPage.js", "sap/f/DynamicPageHeader.js", "sap/f/DynamicPageHeaderRenderer.js", "sap/f/DynamicPageRenderer.js", "sap/f/DynamicPageTitle.js", "sap/f/DynamicPageTitleRenderer.js", "sap/f/FlexibleColumnLayout.js", "sap/f/FlexibleColumnLayoutRenderer.js", "sap/f/FlexibleColumnLayoutSemanticHelper.js", "sap/f/changeHandler/MoveDynamicPageTitleActions.js", "sap/f/designtime/Avatar.create.fragment.xml", "sap/f/designtime/Avatar.designtime.js", "sap/f/designtime/DynamicPage.create.fragment.xml", "sap/f/designtime/DynamicPage.designtime.js", "sap/f/designtime/DynamicPageHeader.designtime.js", "sap/f/designtime/DynamicPageTitle.designtime.js", "sap/f/designtime/SemanticPage.create.fragment.xml", "sap/f/designtime/SemanticPage.designtime.js", "sap/f/designtime/library.designtime.js", "sap/f/flexibility/DynamicPageTitle.flexibility.js", "sap/f/routing/Router.js", "sap/f/routing/Target.js", "sap/f/routing/TargetHandler.js", "sap/f/routing/Targets.js", "sap/f/routing/async/Target.js", "sap/f/routing/async/Targets.js", "sap/f/semantic/AddAction.js", "sap/f/semantic/CloseAction.js", "sap/f/semantic/CopyAction.js", "sap/f/semantic/DeleteAction.js", "sap/f/semantic/DiscussInJamAction.js", "sap/f/semantic/EditAction.js", "sap/f/semantic/ExitFullScreenAction.js", "sap/f/semantic/FavoriteAction.js", "sap/f/semantic/FlagAction.js", "sap/f/semantic/FooterMainAction.js", "sap/f/semantic/FullScreenAction.js", "sap/f/semantic/MainAction.js", "sap/f/semantic/MessagesIndicator.js", "sap/f/semantic/NegativeAction.js", "sap/f/semantic/PositiveAction.js", "sap/f/semantic/PrintAction.js", "sap/f/semantic/SemanticButton.js", "sap/f/semantic/SemanticConfiguration.js", "sap/f/semantic/SemanticContainer.js", "sap/f/semantic/SemanticControl.js", "sap/f/semantic/SemanticFooter.js", "sap/f/semantic/SemanticPage.js", "sap/f/semantic/SemanticPageRenderer.js", "sap/f/semantic/SemanticShareMenu.js", "sap/f/semantic/SemanticTitle.js", "sap/f/semantic/SemanticToggleButton.js", "sap/f/semantic/SendEmailAction.js", "sap/f/semantic/SendMessageAction.js", "sap/f/semantic/ShareInJamAction.js", "sap/f/semantic/TitleMainAction.js"]
    },
    {
      "name" : "sap/f/library-preload.js",
      "size" : 144057,
      "required" : ["sap/base/Log.js", "sap/base/assert.js", "sap/base/security/encodeXML.js", "sap/m/ActionSheet.js", "sap/m/Button.js", "sap/m/InstanceManager.js", "sap/m/NavContainer.js", "sap/m/OverflowToolbar.js", "sap/m/OverflowToolbarButton.js", "sap/m/OverflowToolbarLayoutData.js", "sap/m/ToggleButton.js", "sap/m/Toolbar.js", "sap/m/ToolbarSeparator.js", "sap/m/ToolbarSpacer.js", "sap/m/changeHandler/CombineButtons.js", "sap/m/changeHandler/SplitMenuButton.js", "sap/m/library.js", "sap/ui/Device.js", "sap/ui/Global.js", "sap/ui/base/DataType.js", "sap/ui/base/EventProvider.js", "sap/ui/base/ManagedObject.js", "sap/ui/base/ManagedObjectObserver.js", "sap/ui/base/Metadata.js", "sap/ui/base/Object.js", "sap/ui/core/Configuration.js", "sap/ui/core/Control.js", "sap/ui/core/Element.js", "sap/ui/core/IconPool.js", "sap/ui/core/InvisibleText.js", "sap/ui/core/ResizeHandler.js", "sap/ui/core/ScrollBar.js", "sap/ui/core/delegate/ScrollEnablement.js", "sap/ui/core/library.js", "sap/ui/core/routing/History.js", "sap/ui/core/routing/Router.js", "sap/ui/core/routing/Target.js", "sap/ui/core/routing/Targets.js", "sap/ui/dom/getScrollbarSize.js", "sap/ui/events/KeyCodes.js", "sap/ui/fl/Utils.js", "sap/ui/thirdparty/jquery.js", "ui5loader-autoconfig.js"],
      "includes" : ["sap/f/Avatar.js", "sap/f/AvatarRenderer.js", "sap/f/DynamicPage.js", "sap/f/DynamicPageHeader.js", "sap/f/DynamicPageHeaderRenderer.js", "sap/f/DynamicPageRenderer.js", "sap/f/DynamicPageTitle.js", "sap/f/DynamicPageTitleRenderer.js", "sap/f/FlexibleColumnLayout.js", "sap/f/FlexibleColumnLayoutRenderer.js", "sap/f/FlexibleColumnLayoutSemanticHelper.js", "sap/f/changeHandler/MoveDynamicPageTitleActions.js", "sap/f/flexibility/DynamicPageTitle.flexibility.js", "sap/f/library.js", "sap/f/manifest.json", "sap/f/routing/Router.js", "sap/f/routing/Target.js", "sap/f/routing/TargetHandler.js", "sap/f/routing/Targets.js", "sap/f/routing/async/Target.js", "sap/f/routing/async/Targets.js", "sap/f/semantic/AddAction.js", "sap/f/semantic/CloseAction.js", "sap/f/semantic/CopyAction.js", "sap/f/semantic/DeleteAction.js", "sap/f/semantic/DiscussInJamAction.js", "sap/f/semantic/EditAction.js", "sap/f/semantic/ExitFullScreenAction.js", "sap/f/semantic/FavoriteAction.js", "sap/f/semantic/FlagAction.js", "sap/f/semantic/FooterMainAction.js", "sap/f/semantic/FullScreenAction.js", "sap/f/semantic/MainAction.js", "sap/f/semantic/MessagesIndicator.js", "sap/f/semantic/NegativeAction.js", "sap/f/semantic/PositiveAction.js", "sap/f/semantic/PrintAction.js", "sap/f/semantic/SemanticButton.js", "sap/f/semantic/SemanticConfiguration.js", "sap/f/semantic/SemanticContainer.js", "sap/f/semantic/SemanticControl.js", "sap/f/semantic/SemanticFooter.js", "sap/f/semantic/SemanticPage.js", "sap/f/semantic/SemanticPageRenderer.js", "sap/f/semantic/SemanticShareMenu.js", "sap/f/semantic/SemanticTitle.js", "sap/f/semantic/SemanticToggleButton.js", "sap/f/semantic/SendEmailAction.js", "sap/f/semantic/SendMessageAction.js", "sap/f/semantic/ShareInJamAction.js", "sap/f/semantic/TitleMainAction.js"]
    },
    {
      "name" : "sap/f/library-preload.json",
      "size" : 0,
      "required" : ["sap/base/Log.js", "sap/base/assert.js", "sap/base/security/encodeXML.js", "sap/m/ActionSheet.js", "sap/m/Button.js", "sap/m/InstanceManager.js", "sap/m/NavContainer.js", "sap/m/OverflowToolbar.js", "sap/m/OverflowToolbarButton.js", "sap/m/OverflowToolbarLayoutData.js", "sap/m/ToggleButton.js", "sap/m/Toolbar.js", "sap/m/ToolbarSeparator.js", "sap/m/ToolbarSpacer.js", "sap/m/changeHandler/CombineButtons.js", "sap/m/changeHandler/SplitMenuButton.js", "sap/m/library-preload.json", "sap/m/library.js", "sap/ui/Device.js", "sap/ui/Global.js", "sap/ui/base/DataType.js", "sap/ui/base/EventProvider.js", "sap/ui/base/ManagedObject.js", "sap/ui/base/ManagedObjectObserver.js", "sap/ui/base/Metadata.js", "sap/ui/base/Object.js", "sap/ui/core/Configuration.js", "sap/ui/core/Control.js", "sap/ui/core/Element.js", "sap/ui/core/IconPool.js", "sap/ui/core/InvisibleText.js", "sap/ui/core/ResizeHandler.js", "sap/ui/core/ScrollBar.js", "sap/ui/core/delegate/ScrollEnablement.js", "sap/ui/core/library-preload.json", "sap/ui/core/library.js", "sap/ui/core/routing/History.js", "sap/ui/core/routing/Router.js", "sap/ui/core/routing/Target.js", "sap/ui/core/routing/Targets.js", "sap/ui/dom/getScrollbarSize.js", "sap/ui/events/KeyCodes.js", "sap/ui/fl/Utils.js", "sap/ui/thirdparty/jquery.js", "ui5loader-autoconfig.js"],
      "includes" : ["sap/f/Avatar.js", "sap/f/AvatarRenderer.js", "sap/f/DynamicPage.js", "sap/f/DynamicPageHeader.js", "sap/f/DynamicPageHeaderRenderer.js", "sap/f/DynamicPageRenderer.js", "sap/f/DynamicPageTitle.js", "sap/f/DynamicPageTitleRenderer.js", "sap/f/FlexibleColumnLayout.js", "sap/f/FlexibleColumnLayoutRenderer.js", "sap/f/FlexibleColumnLayoutSemanticHelper.js", "sap/f/changeHandler/MoveDynamicPageTitleActions.js", "sap/f/flexibility/DynamicPageTitle.flexibility.js", "sap/f/library.js", "sap/f/manifest.json", "sap/f/routing/Router.js", "sap/f/routing/Target.js", "sap/f/routing/TargetHandler.js", "sap/f/routing/Targets.js", "sap/f/routing/async/Target.js", "sap/f/routing/async/Targets.js", "sap/f/semantic/AddAction.js", "sap/f/semantic/CloseAction.js", "sap/f/semantic/CopyAction.js", "sap/f/semantic/DeleteAction.js", "sap/f/semantic/DiscussInJamAction.js", "sap/f/semantic/EditAction.js", "sap/f/semantic/ExitFullScreenAction.js", "sap/f/semantic/FavoriteAction.js", "sap/f/semantic/FlagAction.js", "sap/f/semantic/FooterMainAction.js", "sap/f/semantic/FullScreenAction.js", "sap/f/semantic/MainAction.js", "sap/f/semantic/MessagesIndicator.js", "sap/f/semantic/NegativeAction.js", "sap/f/semantic/PositiveAction.js", "sap/f/semantic/PrintAction.js", "sap/f/semantic/SemanticButton.js", "sap/f/semantic/SemanticConfiguration.js", "sap/f/semantic/SemanticContainer.js", "sap/f/semantic/SemanticControl.js", "sap/f/semantic/SemanticFooter.js", "sap/f/semantic/SemanticPage.js", "sap/f/semantic/SemanticPageRenderer.js", "sap/f/semantic/SemanticShareMenu.js", "sap/f/semantic/SemanticTitle.js", "sap/f/semantic/SemanticToggleButton.js", "sap/f/semantic/SendEmailAction.js", "sap/f/semantic/SendMessageAction.js", "sap/f/semantic/ShareInJamAction.js", "sap/f/semantic/TitleMainAction.js"]
    },
    {
      "name" : "sap/f/library.js",
      "description" : "Initialization Code and shared classes of library sap.f.",
      "size" : 11111,
      "compressedSize" : 2857,
      "required" : ["sap/m/library.js", "sap/ui/Global.js", "sap/ui/base/DataType.js", "sap/ui/core/library.js", "ui5loader-autoconfig.js"],
      "includes" : []
    },
    {
      "name" : "sap/f/manifest.json",
      "size" : 2160,
      "required" : [],
      "includes" : []
    },
    {
      "name" : "sap/f/messagebundle.properties",
      "size" : 3583,
      "required" : [],
      "includes" : []
    },
    {
      "name" : "sap/f/messagebundle_ar.properties",
      "size" : 5186,
      "required" : [],
      "includes" : []
    },
    {
      "name" : "sap/f/messagebundle_bg.properties",
      "size" : 6140,
      "required" : [],
      "includes" : []
    },
    {
      "name" : "sap/f/messagebundle_ca.properties",
      "size" : 3599,
      "required" : [],
      "includes" : []
    },
    {
      "name" : "sap/f/messagebundle_cs.properties",
      "size" : 3794,
      "required" : [],
      "includes" : []
    },
    {
      "name" : "sap/f/messagebundle_da.properties",
      "size" : 3483,
      "required" : [],
      "includes" : []
    },
    {
      "name" : "sap/f/messagebundle_de.properties",
      "size" : 3552,
      "required" : [],
      "includes" : []
    },
    {
      "name" : "sap/f/messagebundle_el.properties",
      "size" : 5996,
      "required" : [],
      "includes" : []
    },
    {
      "name" : "sap/f/messagebundle_en.properties",
      "size" : 3437,
      "required" : [],
      "includes" : []
    },
    {
      "name" : "sap/f/messagebundle_en_US_sappsd.properties",
      "size" : 6596,
      "required" : [],
      "includes" : []
    },
    {
      "name" : "sap/f/messagebundle_en_US_saptrc.properties",
      "size" : 4201,
      "required" : [],
      "includes" : []
    },
    {
      "name" : "sap/f/messagebundle_es.properties",
      "size" : 3549,
      "required" : [],
      "includes" : []
    },
    {
      "name" : "sap/f/messagebundle_et.properties",
      "size" : 3591,
      "required" : [],
      "includes" : []
    },
    {
      "name" : "sap/f/messagebundle_fi.properties",
      "size" : 3635,
      "required" : [],
      "includes" : []
    },
    {
      "name" : "sap/f/messagebundle_fr.properties",
      "size" : 3664,
      "required" : [],
      "includes" : []
    },
    {
      "name" : "sap/f/messagebundle_hi.properties",
      "size" : 5884,
      "required" : [],
      "includes" : []
    },
    {
      "name" : "sap/f/messagebundle_hr.properties",
      "size" : 3626,
      "required" : [],
      "includes" : []
    },
    {
      "name" : "sap/f/messagebundle_hu.properties",
      "size" : 3937,
      "required" : [],
      "includes" : []
    },
    {
      "name" : "sap/f/messagebundle_it.properties",
      "size" : 3521,
      "required" : [],
      "includes" : []
    },
    {
      "name" : "sap/f/messagebundle_iw.properties",
      "size" : 4874,
      "required" : [],
      "includes" : []
    },
    {
      "name" : "sap/f/messagebundle_ja.properties",
      "size" : 4158,
      "required" : [],
      "includes" : []
    },
    {
      "name" : "sap/f/messagebundle_kk.properties",
      "size" : 5712,
      "required" : [],
      "includes" : []
    },
    {
      "name" : "sap/f/messagebundle_ko.properties",
      "size" : 3928,
      "required" : [],
      "includes" : []
    },
    {
      "name" : "sap/f/messagebundle_lt.properties",
      "size" : 3862,
      "required" : [],
      "includes" : []
    },
    {
      "name" : "sap/f/messagebundle_lv.properties",
      "size" : 3790,
      "required" : [],
      "includes" : []
    },
    {
      "name" : "sap/f/messagebundle_ms.properties",
      "size" : 3501,
      "required" : [],
      "includes" : []
    },
    {
      "name" : "sap/f/messagebundle_nl.properties",
      "size" : 3527,
      "required" : [],
      "includes" : []
    },
    {
      "name" : "sap/f/messagebundle_no.properties",
      "size" : 3488,
      "required" : [],
      "includes" : []
    },
    {
      "name" : "sap/f/messagebundle_pl.properties",
      "size" : 3766,
      "required" : [],
      "includes" : []
    },
    {
      "name" : "sap/f/messagebundle_pt.properties",
      "size" : 3585,
      "required" : [],
      "includes" : []
    },
    {
      "name" : "sap/f/messagebundle_ro.properties",
      "size" : 3699,
      "required" : [],
      "includes" : []
    },
    {
      "name" : "sap/f/messagebundle_ru.properties",
      "size" : 6187,
      "required" : [],
      "includes" : []
    },
    {
      "name" : "sap/f/messagebundle_sh.properties",
      "size" : 3654,
      "required" : [],
      "includes" : []
    },
    {
      "name" : "sap/f/messagebundle_sk.properties",
      "size" : 3909,
      "required" : [],
      "includes" : []
    },
    {
      "name" : "sap/f/messagebundle_sl.properties",
      "size" : 3653,
      "required" : [],
      "includes" : []
    },
    {
      "name" : "sap/f/messagebundle_sv.properties",
      "size" : 3549,
      "required" : [],
      "includes" : []
    },
    {
      "name" : "sap/f/messagebundle_th.properties",
      "size" : 5344,
      "required" : [],
      "includes" : []
    },
    {
      "name" : "sap/f/messagebundle_tr.properties",
      "size" : 3894,
      "required" : [],
      "includes" : []
    },
    {
      "name" : "sap/f/messagebundle_uk.properties",
      "size" : 6385,
      "required" : [],
      "includes" : []
    },
    {
      "name" : "sap/f/messagebundle_vi.properties",
      "size" : 4374,
      "required" : [],
      "includes" : []
    },
    {
      "name" : "sap/f/messagebundle_zh_CN.properties",
      "size" : 3817,
      "required" : [],
      "includes" : []
    },
    {
      "name" : "sap/f/messagebundle_zh_TW.properties",
      "size" : 3836,
      "required" : [],
      "includes" : []
    },
    {
      "name" : "sap/f/routing/Router.js",
      "description" : "! UI development toolkit for HTML5 (OpenUI5) (c) Copyright 2009-2018 SAP SE or an SAP affiliate company. Licensed under the Apache License, Version 2.0 - see LICENSE.txt.",
      "size" : 3932,
      "compressedSize" : 1452,
      "required" : ["sap/f/routing/TargetHandler.js", "sap/f/routing/Targets.js", "sap/ui/core/routing/Router.js", "ui5loader-autoconfig.js"],
      "includes" : []
    },
    {
      "name" : "sap/f/routing/Target.js",
      "description" : "! UI development toolkit for HTML5 (OpenUI5) (c) Copyright 2009-2018 SAP SE or an SAP affiliate company. Licensed under the Apache License, Version 2.0 - see LICENSE.txt.",
      "size" : 1979,
      "compressedSize" : 755,
      "required" : ["sap/f/FlexibleColumnLayout.js", "sap/f/routing/async/Target.js", "sap/ui/core/routing/Target.js", "ui5loader-autoconfig.js"],
      "includes" : []
    },
    {
      "name" : "sap/f/routing/TargetHandler.js",
      "description" : "global Promise",
      "size" : 7682,
      "compressedSize" : 2714,
      "required" : ["sap/base/Log.js", "sap/f/FlexibleColumnLayout.js", "sap/m/InstanceManager.js", "sap/ui/base/Object.js", "sap/ui/core/routing/History.js", "ui5loader-autoconfig.js"],
      "includes" : []
    },
    {
      "name" : "sap/f/routing/Targets.js",
      "description" : "! UI development toolkit for HTML5 (OpenUI5) (c) Copyright 2009-2018 SAP SE or an SAP affiliate company. Licensed under the Apache License, Version 2.0 - see LICENSE.txt.",
      "size" : 17218,
      "compressedSize" : 1078,
      "required" : ["sap/f/routing/Target.js", "sap/f/routing/TargetHandler.js", "sap/f/routing/async/Targets.js", "sap/ui/core/routing/Targets.js", "ui5loader-autoconfig.js"],
      "includes" : []
    },
    {
      "name" : "sap/f/routing/async/Target.js",
      "description" : "! UI development toolkit for HTML5 (OpenUI5) (c) Copyright 2009-2018 SAP SE or an SAP affiliate company. Licensed under the Apache License, Version 2.0 - see LICENSE.txt.",
      "size" : 1133,
      "compressedSize" : 665,
      "required" : ["ui5loader-autoconfig.js"],
      "includes" : []
    },
    {
      "name" : "sap/f/routing/async/Targets.js",
      "description" : "! UI development toolkit for HTML5 (OpenUI5) (c) Copyright 2009-2018 SAP SE or an SAP affiliate company. Licensed under the Apache License, Version 2.0 - see LICENSE.txt.",
      "size" : 1370,
      "compressedSize" : 793,
      "required" : ["ui5loader-autoconfig.js"],
      "includes" : []
    },
    {
      "name" : "sap/f/semantic/AddAction.js",
      "description" : "! UI development toolkit for HTML5 (OpenUI5) (c) Copyright 2009-2018 SAP SE or an SAP affiliate company. Licensed under the Apache License, Version 2.0 - see LICENSE.txt.",
      "size" : 1126,
      "compressedSize" : 344,
      "required" : ["sap/f/semantic/SemanticButton.js", "ui5loader-autoconfig.js"],
      "includes" : []
    },
    {
      "name" : "sap/f/semantic/CloseAction.js",
      "description" : "! UI development toolkit for HTML5 (OpenUI5) (c) Copyright 2009-2018 SAP SE or an SAP affiliate company. Licensed under the Apache License, Version 2.0 - see LICENSE.txt.",
      "size" : 1127,
      "compressedSize" : 333,
      "required" : ["sap/f/semantic/SemanticButton.js", "ui5loader-autoconfig.js"],
      "includes" : []
    },
    {
      "name" : "sap/f/semantic/CopyAction.js",
      "description" : "! UI development toolkit for HTML5 (OpenUI5) (c) Copyright 2009-2018 SAP SE or an SAP affiliate company. Licensed under the Apache License, Version 2.0 - see LICENSE.txt.",
      "size" : 1120,
      "compressedSize" : 332,
      "required" : ["sap/f/semantic/SemanticButton.js", "ui5loader-autoconfig.js"],
      "includes" : []
    },
    {
      "name" : "sap/f/semantic/DeleteAction.js",
      "description" : "! UI development toolkit for HTML5 (OpenUI5) (c) Copyright 2009-2018 SAP SE or an SAP affiliate company. Licensed under the Apache License, Version 2.0 - see LICENSE.txt.",
      "size" : 1148,
      "compressedSize" : 347,
      "required" : ["sap/f/semantic/SemanticButton.js", "ui5loader-autoconfig.js"],
      "includes" : []
    },
    {
      "name" : "sap/f/semantic/DiscussInJamAction.js",
      "description" : "! UI development toolkit for HTML5 (OpenUI5) (c) Copyright 2009-2018 SAP SE or an SAP affiliate company. Licensed under the Apache License, Version 2.0 - see LICENSE.txt.",
      "size" : 1211,
      "compressedSize" : 353,
      "required" : ["sap/f/semantic/SemanticButton.js", "ui5loader-autoconfig.js"],
      "includes" : []
    },
    {
      "name" : "sap/f/semantic/EditAction.js",
      "description" : "! UI development toolkit for HTML5 (OpenUI5) (c) Copyright 2009-2018 SAP SE or an SAP affiliate company. Licensed under the Apache License, Version 2.0 - see LICENSE.txt.",
      "size" : 1118,
      "compressedSize" : 332,
      "required" : ["sap/f/semantic/SemanticButton.js", "ui5loader-autoconfig.js"],
      "includes" : []
    },
    {
      "name" : "sap/f/semantic/ExitFullScreenAction.js",
      "description" : "! UI development toolkit for HTML5 (OpenUI5) (c) Copyright 2009-2018 SAP SE or an SAP affiliate company. Licensed under the Apache License, Version 2.0 - see LICENSE.txt.",
      "size" : 1190,
      "compressedSize" : 342,
      "required" : ["sap/f/semantic/SemanticButton.js", "ui5loader-autoconfig.js"],
      "includes" : []
    },
    {
      "name" : "sap/f/semantic/FavoriteAction.js",
      "description" : "! UI development toolkit for HTML5 (OpenUI5) (c) Copyright 2009-2018 SAP SE or an SAP affiliate company. Licensed under the Apache License, Version 2.0 - see LICENSE.txt.",
      "size" : 1173,
      "compressedSize" : 342,
      "required" : ["sap/f/semantic/SemanticToggleButton.js", "ui5loader-autoconfig.js"],
      "includes" : []
    },
    {
      "name" : "sap/f/semantic/FlagAction.js",
      "description" : "! UI development toolkit for HTML5 (OpenUI5) (c) Copyright 2009-2018 SAP SE or an SAP affiliate company. Licensed under the Apache License, Version 2.0 - see LICENSE.txt.",
      "size" : 1145,
      "compressedSize" : 338,
      "required" : ["sap/f/semantic/SemanticToggleButton.js", "ui5loader-autoconfig.js"],
      "includes" : []
    },
    {
      "name" : "sap/f/semantic/FooterMainAction.js",
      "description" : "! UI development toolkit for HTML5 (OpenUI5) (c) Copyright 2009-2018 SAP SE or an SAP affiliate company. Licensed under the Apache License, Version 2.0 - see LICENSE.txt.",
      "size" : 1149,
      "compressedSize" : 334,
      "required" : ["sap/f/semantic/MainAction.js", "ui5loader-autoconfig.js"],
      "includes" : []
    },
    {
      "name" : "sap/f/semantic/FullScreenAction.js",
      "description" : "! UI development toolkit for HTML5 (OpenUI5) (c) Copyright 2009-2018 SAP SE or an SAP affiliate company. Licensed under the Apache License, Version 2.0 - see LICENSE.txt.",
      "size" : 1162,
      "compressedSize" : 338,
      "required" : ["sap/f/semantic/SemanticButton.js", "ui5loader-autoconfig.js"],
      "includes" : []
    },
    {
      "name" : "sap/f/semantic/MainAction.js",
      "description" : "! UI development toolkit for HTML5 (OpenUI5) (c) Copyright 2009-2018 SAP SE or an SAP affiliate company. Licensed under the Apache License, Version 2.0 - see LICENSE.txt.",
      "size" : 1235,
      "compressedSize" : 410,
      "required" : ["sap/f/semantic/SemanticButton.js", "ui5loader-autoconfig.js"],
      "includes" : []
    },
    {
      "name" : "sap/f/semantic/MessagesIndicator.js",
      "description" : "! UI development toolkit for HTML5 (OpenUI5) (c) Copyright 2009-2018 SAP SE or an SAP affiliate company. Licensed under the Apache License, Version 2.0 - see LICENSE.txt.",
      "size" : 1171,
      "compressedSize" : 339,
      "required" : ["sap/f/semantic/SemanticButton.js", "ui5loader-autoconfig.js"],
      "includes" : []
    },
    {
      "name" : "sap/f/semantic/NegativeAction.js",
      "description" : "! UI development toolkit for HTML5 (OpenUI5) (c) Copyright 2009-2018 SAP SE or an SAP affiliate company. Licensed under the Apache License, Version 2.0 - see LICENSE.txt.",
      "size" : 1360,
      "compressedSize" : 414,
      "required" : ["sap/f/semantic/SemanticButton.js", "ui5loader-autoconfig.js"],
      "includes" : []
    },
    {
      "name" : "sap/f/semantic/PositiveAction.js",
      "description" : "! UI development toolkit for HTML5 (OpenUI5) (c) Copyright 2009-2018 SAP SE or an SAP affiliate company. Licensed under the Apache License, Version 2.0 - see LICENSE.txt.",
      "size" : 1360,
      "compressedSize" : 414,
      "required" : ["sap/f/semantic/SemanticButton.js", "ui5loader-autoconfig.js"],
      "includes" : []
    },
    {
      "name" : "sap/f/semantic/PrintAction.js",
      "description" : "! UI development toolkit for HTML5 (OpenUI5) (c) Copyright 2009-2018 SAP SE or an SAP affiliate company. Licensed under the Apache License, Version 2.0 - see LICENSE.txt.",
      "size" : 1164,
      "compressedSize" : 346,
      "required" : ["sap/f/semantic/SemanticButton.js", "ui5loader-autoconfig.js"],
      "includes" : []
    },
    {
      "name" : "sap/f/semantic/SemanticButton.js",
      "description" : "! UI development toolkit for HTML5 (OpenUI5) (c) Copyright 2009-2018 SAP SE or an SAP affiliate company. Licensed under the Apache License, Version 2.0 - see LICENSE.txt.",
      "size" : 2460,
      "compressedSize" : 1016,
      "required" : ["sap/f/semantic/SemanticControl.js", "sap/m/Button.js", "sap/m/OverflowToolbarButton.js", "ui5loader-autoconfig.js"],
      "includes" : []
    },
    {
      "name" : "sap/f/semantic/SemanticConfiguration.js",
      "description" : "Provides a private class <code>sap.f.semantic.SemanticConfiguration</code>.",
      "size" : 12824,
      "compressedSize" : 6531,
      "required" : ["sap/m/OverflowToolbarLayoutData.js", "sap/m/library.js", "sap/ui/base/Metadata.js", "sap/ui/core/IconPool.js", "ui5loader-autoconfig.js"],
      "includes" : []
    },
    {
      "name" : "sap/f/semantic/SemanticContainer.js",
      "description" : "Provides a private class <code>sap.f.semantic.SemanticContainer</code>.",
      "size" : 4880,
      "compressedSize" : 1614,
      "required" : ["sap/base/Log.js", "sap/f/semantic/SemanticConfiguration.js", "sap/ui/base/Metadata.js", "ui5loader-autoconfig.js"],
      "includes" : []
    },
    {
      "name" : "sap/f/semantic/SemanticControl.js",
      "description" : "! UI development toolkit for HTML5 (OpenUI5) (c) Copyright 2009-2018 SAP SE or an SAP affiliate company. Licensed under the Apache License, Version 2.0 - see LICENSE.txt.",
      "size" : 6102,
      "compressedSize" : 2998,
      "required" : ["sap/f/semantic/SemanticConfiguration.js", "sap/ui/base/ManagedObject.js", "sap/ui/core/Element.js", "sap/ui/thirdparty/jquery.js", "ui5loader-autoconfig.js"],
      "includes" : []
    },
    {
      "name" : "sap/f/semantic/SemanticFooter.js",
      "description" : "Provides a private class <code>sap.f.semantic.SemanticFooter</code>.",
      "size" : 9582,
      "compressedSize" : 4230,
      "required" : ["sap/f/semantic/SemanticContainer.js", "sap/m/ToolbarSpacer.js", "sap/m/library.js", "ui5loader-autoconfig.js"],
      "includes" : []
    },
    {
      "name" : "sap/f/semantic/SemanticPage.js",
      "description" : "! UI development toolkit for HTML5 (OpenUI5) (c) Copyright 2009-2018 SAP SE or an SAP affiliate company. Licensed under the Apache License, Version 2.0 - see LICENSE.txt.",
      "size" : 36202,
      "compressedSize" : 11851,
      "required" : ["sap/f/DynamicPage.js", "sap/f/DynamicPageHeader.js", "sap/f/DynamicPageTitle.js", "sap/f/library.js", "sap/f/semantic/SemanticConfiguration.js", "sap/f/semantic/SemanticFooter.js", "sap/f/semantic/SemanticPageRenderer.js", "sap/f/semantic/SemanticShareMenu.js", "sap/f/semantic/SemanticTitle.js", "sap/m/ActionSheet.js", "sap/m/OverflowToolbar.js", "sap/ui/base/ManagedObject.js", "sap/ui/core/Control.js", "ui5loader-autoconfig.js"],
      "includes" : []
    },
    {
      "name" : "sap/f/semantic/SemanticPageRenderer.js",
      "description" : "! UI development toolkit for HTML5 (OpenUI5) (c) Copyright 2009-2018 SAP SE or an SAP affiliate company. Licensed under the Apache License, Version 2.0 - see LICENSE.txt.",
      "size" : 1091,
      "compressedSize" : 426,
      "required" : ["ui5loader-autoconfig.js"],
      "includes" : []
    },
    {
      "name" : "sap/f/semantic/SemanticShareMenu.js",
      "description" : "Provides a private class <code>sap.f.semantic.SemanticShareMenu</code>.",
      "size" : 10227,
      "compressedSize" : 4656,
      "required" : ["sap/f/semantic/SemanticContainer.js", "sap/m/OverflowToolbarButton.js", "sap/m/OverflowToolbarLayoutData.js", "sap/m/library.js", "sap/ui/base/EventProvider.js", "sap/ui/core/IconPool.js", "ui5loader-autoconfig.js"],
      "includes" : []
    },
    {
      "name" : "sap/f/semantic/SemanticTitle.js",
      "description" : "Provides a private class <code>sap.f.semantic.SemanticTitle</code>.",
      "size" : 15738,
      "compressedSize" : 6583,
      "required" : ["sap/f/semantic/SemanticContainer.js", "sap/m/library.js", "ui5loader-autoconfig.js"],
      "includes" : []
    },
    {
      "name" : "sap/f/semantic/SemanticToggleButton.js",
      "description" : "! UI development toolkit for HTML5 (OpenUI5) (c) Copyright 2009-2018 SAP SE or an SAP affiliate company. Licensed under the Apache License, Version 2.0 - see LICENSE.txt.",
      "size" : 3462,
      "compressedSize" : 1153,
      "required" : ["sap/f/semantic/SemanticButton.js", "sap/m/library.js", "sap/ui/events/KeyCodes.js", "ui5loader-autoconfig.js"],
      "includes" : []
    },
    {
      "name" : "sap/f/semantic/SendEmailAction.js",
      "description" : "! UI development toolkit for HTML5 (OpenUI5) (c) Copyright 2009-2018 SAP SE or an SAP affiliate company. Licensed under the Apache License, Version 2.0 - see LICENSE.txt.",
      "size" : 1191,
      "compressedSize" : 350,
      "required" : ["sap/f/semantic/SemanticButton.js", "ui5loader-autoconfig.js"],
      "includes" : []
    },
    {
      "name" : "sap/f/semantic/SendMessageAction.js",
      "description" : "! UI development toolkit for HTML5 (OpenUI5) (c) Copyright 2009-2018 SAP SE or an SAP affiliate company. Licensed under the Apache License, Version 2.0 - see LICENSE.txt.",
      "size" : 1205,
      "compressedSize" : 352,
      "required" : ["sap/f/semantic/SemanticButton.js", "ui5loader-autoconfig.js"],
      "includes" : []
    },
    {
      "name" : "sap/f/semantic/ShareInJamAction.js",
      "description" : "! UI development toolkit for HTML5 (OpenUI5) (c) Copyright 2009-2018 SAP SE or an SAP affiliate company. Licensed under the Apache License, Version 2.0 - see LICENSE.txt.",
      "size" : 1198,
      "compressedSize" : 351,
      "required" : ["sap/f/semantic/SemanticButton.js", "ui5loader-autoconfig.js"],
      "includes" : []
    },
    {
      "name" : "sap/f/semantic/TitleMainAction.js",
      "description" : "! UI development toolkit for HTML5 (OpenUI5) (c) Copyright 2009-2018 SAP SE or an SAP affiliate company. Licensed under the Apache License, Version 2.0 - see LICENSE.txt.",
      "size" : 1140,
      "compressedSize" : 333,
      "required" : ["sap/f/semantic/MainAction.js", "ui5loader-autoconfig.js"],
      "includes" : []
    }
  ]
}
