{
	"_version": "1.1.0",
	"resources": [
		{
			"name": ".library"
		},
		{
			"name": ".supportrc"
		},
		{
			"name": ".theming"
		},
		{
			"name": "Avatar-dbg.js",
			"module": "sap/f/Avatar.js",
			"isDebug": true,
			"required": [
				"sap/base/Log.js",
				"sap/f/AvatarRenderer.js",
				"sap/f/library.js",
				"sap/ui/core/Control.js",
				"sap/ui/core/IconPool.js",
				"sap/ui/events/KeyCodes.js"
			]
		},
		{
			"name": "Avatar.control",
			"designtime": true
		},
		{
			"name": "Avatar.js",
			"module": "sap/f/Avatar.js",
			"required": [
				"sap/base/Log.js",
				"sap/f/AvatarRenderer.js",
				"sap/f/library.js",
				"sap/ui/core/Control.js",
				"sap/ui/core/IconPool.js",
				"sap/ui/events/KeyCodes.js"
			]
		},
		{
			"name": "AvatarImageFitType.type",
			"designtime": true
		},
		{
			"name": "AvatarRenderer-dbg.js",
			"module": "sap/f/AvatarRenderer.js",
			"isDebug": true,
			"required": [
				"sap/base/security/encodeXML.js",
				"sap/f/library.js"
			]
		},
		{
			"name": "AvatarRenderer.js",
			"module": "sap/f/AvatarRenderer.js",
			"required": [
				"sap/base/security/encodeXML.js",
				"sap/f/library.js"
			]
		},
		{
			"name": "AvatarShape.type",
			"designtime": true
		},
		{
			"name": "AvatarSize.type",
			"designtime": true
		},
		{
			"name": "AvatarType.type",
			"designtime": true
		},
		{
			"name": "DynamicPage-dbg.js",
			"module": "sap/f/DynamicPage.js",
			"isDebug": true,
			"required": [
				"sap/base/Log.js",
				"sap/f/DynamicPageRenderer.js",
				"sap/f/DynamicPageTitle.js",
				"sap/f/library.js",
				"sap/ui/Device.js",
				"sap/ui/core/Control.js",
				"sap/ui/core/ResizeHandler.js",
				"sap/ui/core/ScrollBar.js",
				"sap/ui/core/delegate/ScrollEnablement.js",
				"sap/ui/dom/getScrollbarSize.js"
			]
		},
		{
			"name": "DynamicPage.control",
			"designtime": true
		},
		{
			"name": "DynamicPage.js",
			"module": "sap/f/DynamicPage.js",
			"required": [
				"sap/base/Log.js",
				"sap/f/DynamicPageRenderer.js",
				"sap/f/DynamicPageTitle.js",
				"sap/f/library.js",
				"sap/ui/Device.js",
				"sap/ui/core/Control.js",
				"sap/ui/core/ResizeHandler.js",
				"sap/ui/core/ScrollBar.js",
				"sap/ui/core/delegate/ScrollEnablement.js",
				"sap/ui/dom/getScrollbarSize.js"
			]
		},
		{
			"name": "DynamicPageHeader-dbg.js",
			"module": "sap/f/DynamicPageHeader.js",
			"isDebug": true,
			"required": [
				"sap/f/DynamicPageHeaderRenderer.js",
				"sap/f/library.js",
				"sap/m/Button.js",
				"sap/m/ToggleButton.js",
				"sap/ui/Device.js",
				"sap/ui/core/Control.js"
			]
		},
		{
			"name": "DynamicPageHeader.control",
			"designtime": true
		},
		{
			"name": "DynamicPageHeader.js",
			"module": "sap/f/DynamicPageHeader.js",
			"required": [
				"sap/f/DynamicPageHeaderRenderer.js",
				"sap/f/library.js",
				"sap/m/Button.js",
				"sap/m/ToggleButton.js",
				"sap/ui/Device.js",
				"sap/ui/core/Control.js"
			]
		},
		{
			"name": "DynamicPageHeaderRenderer-dbg.js",
			"module": "sap/f/DynamicPageHeaderRenderer.js",
			"isDebug": true
		},
		{
			"name": "DynamicPageHeaderRenderer.js",
			"module": "sap/f/DynamicPageHeaderRenderer.js"
		},
		{
			"name": "DynamicPageRenderer-dbg.js",
			"module": "sap/f/DynamicPageRenderer.js",
			"isDebug": true,
			"required": [
				"sap/ui/Device.js"
			]
		},
		{
			"name": "DynamicPageRenderer.js",
			"module": "sap/f/DynamicPageRenderer.js",
			"required": [
				"sap/ui/Device.js"
			]
		},
		{
			"name": "DynamicPageTitle-dbg.js",
			"module": "sap/f/DynamicPageTitle.js",
			"isDebug": true,
			"required": [
				"sap/base/Log.js",
				"sap/f/DynamicPageTitleRenderer.js",
				"sap/f/library.js",
				"sap/m/Button.js",
				"sap/m/OverflowToolbar.js",
				"sap/m/Toolbar.js",
				"sap/m/ToolbarSeparator.js",
				"sap/m/library.js",
				"sap/ui/base/ManagedObjectObserver.js",
				"sap/ui/core/Control.js",
				"sap/ui/core/InvisibleText.js"
			]
		},
		{
			"name": "DynamicPageTitle.control",
			"designtime": true
		},
		{
			"name": "DynamicPageTitle.js",
			"module": "sap/f/DynamicPageTitle.js",
			"required": [
				"sap/base/Log.js",
				"sap/f/DynamicPageTitleRenderer.js",
				"sap/f/library.js",
				"sap/m/Button.js",
				"sap/m/OverflowToolbar.js",
				"sap/m/Toolbar.js",
				"sap/m/ToolbarSeparator.js",
				"sap/m/library.js",
				"sap/ui/base/ManagedObjectObserver.js",
				"sap/ui/core/Control.js",
				"sap/ui/core/InvisibleText.js"
			]
		},
		{
			"name": "DynamicPageTitleArea.type",
			"designtime": true
		},
		{
			"name": "DynamicPageTitleRenderer-dbg.js",
			"module": "sap/f/DynamicPageTitleRenderer.js",
			"isDebug": true,
			"required": [
				"sap/f/library.js"
			]
		},
		{
			"name": "DynamicPageTitleRenderer.js",
			"module": "sap/f/DynamicPageTitleRenderer.js",
			"required": [
				"sap/f/library.js"
			]
		},
		{
			"name": "DynamicPageTitleShrinkRatio.type",
			"designtime": true
		},
		{
			"name": "FlexibleColumnLayout-dbg.js",
			"module": "sap/f/FlexibleColumnLayout.js",
			"isDebug": true,
			"required": [
				"sap/base/assert.js",
				"sap/f/FlexibleColumnLayoutRenderer.js",
				"sap/f/library.js",
				"sap/m/Button.js",
				"sap/m/NavContainer.js",
				"sap/m/library.js",
				"sap/ui/Device.js",
				"sap/ui/core/Configuration.js",
				"sap/ui/core/Control.js",
				"sap/ui/core/ResizeHandler.js",
				"sap/ui/thirdparty/jquery.js"
			]
		},
		{
			"name": "FlexibleColumnLayout.control",
			"designtime": true
		},
		{
			"name": "FlexibleColumnLayout.js",
			"module": "sap/f/FlexibleColumnLayout.js",
			"required": [
				"sap/base/assert.js",
				"sap/f/FlexibleColumnLayoutRenderer.js",
				"sap/f/library.js",
				"sap/m/Button.js",
				"sap/m/NavContainer.js",
				"sap/m/library.js",
				"sap/ui/Device.js",
				"sap/ui/core/Configuration.js",
				"sap/ui/core/Control.js",
				"sap/ui/core/ResizeHandler.js",
				"sap/ui/thirdparty/jquery.js"
			]
		},
		{
			"name": "FlexibleColumnLayoutRenderer-dbg.js",
			"module": "sap/f/FlexibleColumnLayoutRenderer.js",
			"isDebug": true,
			"required": [
				"sap/m/library.js",
				"sap/ui/Device.js",
				"sap/ui/core/InvisibleText.js"
			]
		},
		{
			"name": "FlexibleColumnLayoutRenderer.js",
			"module": "sap/f/FlexibleColumnLayoutRenderer.js",
			"required": [
				"sap/m/library.js",
				"sap/ui/Device.js",
				"sap/ui/core/InvisibleText.js"
			]
		},
		{
			"name": "FlexibleColumnLayoutSemanticHelper-dbg.js",
			"module": "sap/f/FlexibleColumnLayoutSemanticHelper.js",
			"isDebug": true,
			"required": [
				"sap/base/assert.js",
				"sap/f/FlexibleColumnLayout.js",
				"sap/f/library.js"
			]
		},
		{
			"name": "FlexibleColumnLayoutSemanticHelper.js",
			"module": "sap/f/FlexibleColumnLayoutSemanticHelper.js",
			"required": [
				"sap/base/assert.js",
				"sap/f/FlexibleColumnLayout.js",
				"sap/f/library.js"
			]
		},
		{
			"name": "LayoutType.type",
			"designtime": true
		},
		{
			"name": "changeHandler/MoveDynamicPageTitleActions-dbg.js",
			"module": "sap/f/changeHandler/MoveDynamicPageTitleActions.js",
			"isDebug": true,
			"required": [
				"sap/ui/fl/Utils.js"
			]
		},
		{
			"name": "changeHandler/MoveDynamicPageTitleActions.js",
			"module": "sap/f/changeHandler/MoveDynamicPageTitleActions.js",
			"required": [
				"sap/ui/fl/Utils.js"
			]
		},
		{
			"name": "designtime/Avatar.create.fragment.xml",
			"module": "sap/f/designtime/Avatar.create.fragment.xml",
			"designtime": true,
			"required": [
				"sap/f/Avatar.js",
				"sap/ui/core/Fragment.js"
			]
		},
		{
			"name": "designtime/Avatar.designtime-dbg.js",
			"module": "sap/f/designtime/Avatar.designtime.js",
			"isDebug": true,
			"designtime": true
		},
		{
			"name": "designtime/Avatar.designtime.js",
			"module": "sap/f/designtime/Avatar.designtime.js",
			"designtime": true
		},
		{
			"name": "designtime/DynamicPage.create.fragment.xml",
			"module": "sap/f/designtime/DynamicPage.create.fragment.xml",
			"designtime": true,
			"required": [
				"sap/f/DynamicPage.js",
				"sap/f/DynamicPageHeader.js",
				"sap/f/DynamicPageTitle.js",
				"sap/m/Button.js",
				"sap/m/OverflowToolbar.js",
				"sap/m/Text.js",
				"sap/m/Title.js",
				"sap/m/ToolbarSpacer.js",
				"sap/ui/core/Fragment.js"
			]
		},
		{
			"name": "designtime/DynamicPage.designtime-dbg.js",
			"module": "sap/f/designtime/DynamicPage.designtime.js",
			"isDebug": true,
			"designtime": true
		},
		{
			"name": "designtime/DynamicPage.designtime.js",
			"module": "sap/f/designtime/DynamicPage.designtime.js",
			"designtime": true
		},
		{
			"name": "designtime/DynamicPageHeader.designtime-dbg.js",
			"module": "sap/f/designtime/DynamicPageHeader.designtime.js",
			"isDebug": true,
			"designtime": true
		},
		{
			"name": "designtime/DynamicPageHeader.designtime.js",
			"module": "sap/f/designtime/DynamicPageHeader.designtime.js",
			"designtime": true
		},
		{
			"name": "designtime/DynamicPageTitle.designtime-dbg.js",
			"module": "sap/f/designtime/DynamicPageTitle.designtime.js",
			"isDebug": true,
			"designtime": true
		},
		{
			"name": "designtime/DynamicPageTitle.designtime.js",
			"module": "sap/f/designtime/DynamicPageTitle.designtime.js",
			"designtime": true
		},
		{
			"name": "designtime/SemanticPage.create.fragment.xml",
			"module": "sap/f/designtime/SemanticPage.create.fragment.xml",
			"designtime": true,
			"required": [
				"sap/f/semantic/SemanticPage.js",
				"sap/f/semantic/TitleMainAction.js",
				"sap/m/Button.js",
				"sap/m/OverflowToolbarButton.js",
				"sap/m/Text.js",
				"sap/m/Title.js",
				"sap/ui/core/Fragment.js"
			]
		},
		{
			"name": "designtime/SemanticPage.designtime-dbg.js",
			"module": "sap/f/designtime/SemanticPage.designtime.js",
			"isDebug": true,
			"designtime": true
		},
		{
			"name": "designtime/SemanticPage.designtime.js",
			"module": "sap/f/designtime/SemanticPage.designtime.js",
			"designtime": true
		},
		{
			"name": "designtime/library-preload.designtime.js",
			"module": "sap/f/designtime/library-preload.designtime.js",
			"merged": true,
			"designtime": true,
			"included": [
				"sap/f/designtime/Avatar.designtime.js",
				"sap/f/designtime/DynamicPage.designtime.js",
				"sap/f/designtime/DynamicPageHeader.designtime.js",
				"sap/f/designtime/DynamicPageTitle.designtime.js",
				"sap/f/designtime/SemanticPage.designtime.js",
				"sap/f/designtime/library.designtime.js"
			]
		},
		{
			"name": "designtime/library-preload.designtime.js.map",
			"isDebug": true,
			"designtime": true
		},
		{
			"name": "designtime/library.designtime-dbg.js",
			"module": "sap/f/designtime/library.designtime.js",
			"isDebug": true,
			"designtime": true
		},
		{
			"name": "designtime/library.designtime.js",
			"module": "sap/f/designtime/library.designtime.js",
			"designtime": true
		},
		{
			"name": "designtime/messagebundle.properties",
			"module": "sap/f/designtime/messagebundle.properties",
			"designtime": true,
			"locale": "",
			"raw": "designtime/messagebundle.properties"
		},
		{
			"name": "designtime/messagebundle_ar.properties",
			"module": "sap/f/designtime/messagebundle_ar.properties",
			"designtime": true,
			"locale": "ar",
			"raw": "designtime/messagebundle.properties"
		},
		{
			"name": "designtime/messagebundle_bg.properties",
			"module": "sap/f/designtime/messagebundle_bg.properties",
			"designtime": true,
			"locale": "bg",
			"raw": "designtime/messagebundle.properties"
		},
		{
			"name": "designtime/messagebundle_ca.properties",
			"module": "sap/f/designtime/messagebundle_ca.properties",
			"designtime": true,
			"locale": "ca",
			"raw": "designtime/messagebundle.properties"
		},
		{
			"name": "designtime/messagebundle_cs.properties",
			"module": "sap/f/designtime/messagebundle_cs.properties",
			"designtime": true,
			"locale": "cs",
			"raw": "designtime/messagebundle.properties"
		},
		{
			"name": "designtime/messagebundle_da.properties",
			"module": "sap/f/designtime/messagebundle_da.properties",
			"designtime": true,
			"locale": "da",
			"raw": "designtime/messagebundle.properties"
		},
		{
			"name": "designtime/messagebundle_de.properties",
			"module": "sap/f/designtime/messagebundle_de.properties",
			"designtime": true,
			"locale": "de",
			"raw": "designtime/messagebundle.properties"
		},
		{
			"name": "designtime/messagebundle_el.properties",
			"module": "sap/f/designtime/messagebundle_el.properties",
			"designtime": true,
			"locale": "el",
			"raw": "designtime/messagebundle.properties"
		},
		{
			"name": "designtime/messagebundle_en.properties",
			"module": "sap/f/designtime/messagebundle_en.properties",
			"designtime": true,
			"locale": "en",
			"raw": "designtime/messagebundle.properties"
		},
		{
			"name": "designtime/messagebundle_en_US_sappsd.properties",
			"module": "sap/f/designtime/messagebundle_en_US_sappsd.properties",
			"designtime": true,
			"locale": "en_US_sappsd",
			"raw": "designtime/messagebundle.properties"
		},
		{
			"name": "designtime/messagebundle_en_US_saptrc.properties",
			"module": "sap/f/designtime/messagebundle_en_US_saptrc.properties",
			"designtime": true,
			"locale": "en_US_saptrc",
			"raw": "designtime/messagebundle.properties"
		},
		{
			"name": "designtime/messagebundle_es.properties",
			"module": "sap/f/designtime/messagebundle_es.properties",
			"designtime": true,
			"locale": "es",
			"raw": "designtime/messagebundle.properties"
		},
		{
			"name": "designtime/messagebundle_et.properties",
			"module": "sap/f/designtime/messagebundle_et.properties",
			"designtime": true,
			"locale": "et",
			"raw": "designtime/messagebundle.properties"
		},
		{
			"name": "designtime/messagebundle_fi.properties",
			"module": "sap/f/designtime/messagebundle_fi.properties",
			"designtime": true,
			"locale": "fi",
			"raw": "designtime/messagebundle.properties"
		},
		{
			"name": "designtime/messagebundle_fr.properties",
			"module": "sap/f/designtime/messagebundle_fr.properties",
			"designtime": true,
			"locale": "fr",
			"raw": "designtime/messagebundle.properties"
		},
		{
			"name": "designtime/messagebundle_hi.properties",
			"module": "sap/f/designtime/messagebundle_hi.properties",
			"designtime": true,
			"locale": "hi",
			"raw": "designtime/messagebundle.properties"
		},
		{
			"name": "designtime/messagebundle_hr.properties",
			"module": "sap/f/designtime/messagebundle_hr.properties",
			"designtime": true,
			"locale": "hr",
			"raw": "designtime/messagebundle.properties"
		},
		{
			"name": "designtime/messagebundle_hu.properties",
			"module": "sap/f/designtime/messagebundle_hu.properties",
			"designtime": true,
			"locale": "hu",
			"raw": "designtime/messagebundle.properties"
		},
		{
			"name": "designtime/messagebundle_it.properties",
			"module": "sap/f/designtime/messagebundle_it.properties",
			"designtime": true,
			"locale": "it",
			"raw": "designtime/messagebundle.properties"
		},
		{
			"name": "designtime/messagebundle_iw.properties",
			"module": "sap/f/designtime/messagebundle_iw.properties",
			"designtime": true,
			"locale": "iw",
			"raw": "designtime/messagebundle.properties"
		},
		{
			"name": "designtime/messagebundle_ja.properties",
			"module": "sap/f/designtime/messagebundle_ja.properties",
			"designtime": true,
			"locale": "ja",
			"raw": "designtime/messagebundle.properties"
		},
		{
			"name": "designtime/messagebundle_kk.properties",
			"module": "sap/f/designtime/messagebundle_kk.properties",
			"designtime": true,
			"locale": "kk",
			"raw": "designtime/messagebundle.properties"
		},
		{
			"name": "designtime/messagebundle_ko.properties",
			"module": "sap/f/designtime/messagebundle_ko.properties",
			"designtime": true,
			"locale": "ko",
			"raw": "designtime/messagebundle.properties"
		},
		{
			"name": "designtime/messagebundle_lt.properties",
			"module": "sap/f/designtime/messagebundle_lt.properties",
			"designtime": true,
			"locale": "lt",
			"raw": "designtime/messagebundle.properties"
		},
		{
			"name": "designtime/messagebundle_lv.properties",
			"module": "sap/f/designtime/messagebundle_lv.properties",
			"designtime": true,
			"locale": "lv",
			"raw": "designtime/messagebundle.properties"
		},
		{
			"name": "designtime/messagebundle_ms.properties",
			"module": "sap/f/designtime/messagebundle_ms.properties",
			"designtime": true,
			"locale": "ms",
			"raw": "designtime/messagebundle.properties"
		},
		{
			"name": "designtime/messagebundle_nl.properties",
			"module": "sap/f/designtime/messagebundle_nl.properties",
			"designtime": true,
			"locale": "nl",
			"raw": "designtime/messagebundle.properties"
		},
		{
			"name": "designtime/messagebundle_no.properties",
			"module": "sap/f/designtime/messagebundle_no.properties",
			"designtime": true,
			"locale": "no",
			"raw": "designtime/messagebundle.properties"
		},
		{
			"name": "designtime/messagebundle_pl.properties",
			"module": "sap/f/designtime/messagebundle_pl.properties",
			"designtime": true,
			"locale": "pl",
			"raw": "designtime/messagebundle.properties"
		},
		{
			"name": "designtime/messagebundle_pt.properties",
			"module": "sap/f/designtime/messagebundle_pt.properties",
			"designtime": true,
			"locale": "pt",
			"raw": "designtime/messagebundle.properties"
		},
		{
			"name": "designtime/messagebundle_ro.properties",
			"module": "sap/f/designtime/messagebundle_ro.properties",
			"designtime": true,
			"locale": "ro",
			"raw": "designtime/messagebundle.properties"
		},
		{
			"name": "designtime/messagebundle_ru.properties",
			"module": "sap/f/designtime/messagebundle_ru.properties",
			"designtime": true,
			"locale": "ru",
			"raw": "designtime/messagebundle.properties"
		},
		{
			"name": "designtime/messagebundle_sh.properties",
			"module": "sap/f/designtime/messagebundle_sh.properties",
			"designtime": true,
			"locale": "sh",
			"raw": "designtime/messagebundle.properties"
		},
		{
			"name": "designtime/messagebundle_sk.properties",
			"module": "sap/f/designtime/messagebundle_sk.properties",
			"designtime": true,
			"locale": "sk",
			"raw": "designtime/messagebundle.properties"
		},
		{
			"name": "designtime/messagebundle_sl.properties",
			"module": "sap/f/designtime/messagebundle_sl.properties",
			"designtime": true,
			"locale": "sl",
			"raw": "designtime/messagebundle.properties"
		},
		{
			"name": "designtime/messagebundle_sv.properties",
			"module": "sap/f/designtime/messagebundle_sv.properties",
			"designtime": true,
			"locale": "sv",
			"raw": "designtime/messagebundle.properties"
		},
		{
			"name": "designtime/messagebundle_th.properties",
			"module": "sap/f/designtime/messagebundle_th.properties",
			"designtime": true,
			"locale": "th",
			"raw": "designtime/messagebundle.properties"
		},
		{
			"name": "designtime/messagebundle_tr.properties",
			"module": "sap/f/designtime/messagebundle_tr.properties",
			"designtime": true,
			"locale": "tr",
			"raw": "designtime/messagebundle.properties"
		},
		{
			"name": "designtime/messagebundle_uk.properties",
			"module": "sap/f/designtime/messagebundle_uk.properties",
			"designtime": true,
			"locale": "uk",
			"raw": "designtime/messagebundle.properties"
		},
		{
			"name": "designtime/messagebundle_vi.properties",
			"module": "sap/f/designtime/messagebundle_vi.properties",
			"designtime": true,
			"locale": "vi",
			"raw": "designtime/messagebundle.properties"
		},
		{
			"name": "designtime/messagebundle_zh_CN.properties",
			"module": "sap/f/designtime/messagebundle_zh_CN.properties",
			"designtime": true,
			"locale": "zh_CN",
			"raw": "designtime/messagebundle.properties"
		},
		{
			"name": "designtime/messagebundle_zh_TW.properties",
			"module": "sap/f/designtime/messagebundle_zh_TW.properties",
			"designtime": true,
			"locale": "zh_TW",
			"raw": "designtime/messagebundle.properties"
		},
		{
			"name": "flexibility/DynamicPageTitle.flexibility-dbg.js",
			"module": "sap/f/flexibility/DynamicPageTitle.flexibility.js",
			"isDebug": true,
			"required": [
				"sap/f/changeHandler/MoveDynamicPageTitleActions.js",
				"sap/m/changeHandler/CombineButtons.js",
				"sap/m/changeHandler/SplitMenuButton.js"
			]
		},
		{
			"name": "flexibility/DynamicPageTitle.flexibility.js",
			"module": "sap/f/flexibility/DynamicPageTitle.flexibility.js",
			"required": [
				"sap/f/changeHandler/MoveDynamicPageTitleActions.js",
				"sap/m/changeHandler/CombineButtons.js",
				"sap/m/changeHandler/SplitMenuButton.js"
			]
		},
		{
			"name": "library-dbg.js",
			"module": "sap/f/library.js",
			"isDebug": true,
			"required": [
				"sap/m/library.js",
				"sap/ui/Global.js",
				"sap/ui/base/DataType.js",
				"sap/ui/core/library.js"
			]
		},
		{
			"name": "library-h2-preload-dbg.js",
			"module": "sap/f/library-h2-preload.js",
			"isDebug": true,
			"merged": true,
			"required": [
				"sap/base/Log.js",
				"sap/base/assert.js",
				"sap/base/security/encodeXML.js",
				"sap/m/ActionSheet.js",
				"sap/m/Button.js",
				"sap/m/InstanceManager.js",
				"sap/m/NavContainer.js",
				"sap/m/OverflowToolbar.js",
				"sap/m/OverflowToolbarButton.js",
				"sap/m/OverflowToolbarLayoutData.js",
				"sap/m/Text.js",
				"sap/m/Title.js",
				"sap/m/ToggleButton.js",
				"sap/m/Toolbar.js",
				"sap/m/ToolbarSeparator.js",
				"sap/m/ToolbarSpacer.js",
				"sap/m/changeHandler/CombineButtons.js",
				"sap/m/changeHandler/SplitMenuButton.js",
				"sap/m/library.js",
				"sap/ui/Device.js",
				"sap/ui/Global.js",
				"sap/ui/base/DataType.js",
				"sap/ui/base/EventProvider.js",
				"sap/ui/base/ManagedObject.js",
				"sap/ui/base/ManagedObjectObserver.js",
				"sap/ui/base/Metadata.js",
				"sap/ui/base/Object.js",
				"sap/ui/core/Configuration.js",
				"sap/ui/core/Control.js",
				"sap/ui/core/Element.js",
				"sap/ui/core/Fragment.js",
				"sap/ui/core/IconPool.js",
				"sap/ui/core/InvisibleText.js",
				"sap/ui/core/ResizeHandler.js",
				"sap/ui/core/ScrollBar.js",
				"sap/ui/core/delegate/ScrollEnablement.js",
				"sap/ui/core/library.js",
				"sap/ui/core/routing/History.js",
				"sap/ui/core/routing/Router.js",
				"sap/ui/core/routing/Target.js",
				"sap/ui/core/routing/Targets.js",
				"sap/ui/dom/getScrollbarSize.js",
				"sap/ui/events/KeyCodes.js",
				"sap/ui/fl/Utils.js",
				"sap/ui/thirdparty/jquery.js"
			],
			"included": [
				"sap/f/library.js",
				"sap/f/manifest.json",
				"sap/f/Avatar.js",
				"sap/f/AvatarRenderer.js",
				"sap/f/DynamicPage.js",
				"sap/f/DynamicPageHeader.js",
				"sap/f/DynamicPageHeaderRenderer.js",
				"sap/f/DynamicPageRenderer.js",
				"sap/f/DynamicPageTitle.js",
				"sap/f/DynamicPageTitleRenderer.js",
				"sap/f/FlexibleColumnLayout.js",
				"sap/f/FlexibleColumnLayoutRenderer.js",
				"sap/f/FlexibleColumnLayoutSemanticHelper.js",
				"sap/f/changeHandler/MoveDynamicPageTitleActions.js",
				"sap/f/designtime/Avatar.create.fragment.xml",
				"sap/f/designtime/Avatar.designtime.js",
				"sap/f/designtime/DynamicPage.create.fragment.xml",
				"sap/f/designtime/DynamicPage.designtime.js",
				"sap/f/designtime/DynamicPageHeader.designtime.js",
				"sap/f/designtime/DynamicPageTitle.designtime.js",
				"sap/f/designtime/SemanticPage.create.fragment.xml",
				"sap/f/designtime/SemanticPage.designtime.js",
				"sap/f/designtime/library.designtime.js",
				"sap/f/flexibility/DynamicPageTitle.flexibility.js",
				"sap/f/routing/Router.js",
				"sap/f/routing/Target.js",
				"sap/f/routing/TargetHandler.js",
				"sap/f/routing/Targets.js",
				"sap/f/routing/async/Target.js",
				"sap/f/routing/async/Targets.js",
				"sap/f/semantic/AddAction.js",
				"sap/f/semantic/CloseAction.js",
				"sap/f/semantic/CopyAction.js",
				"sap/f/semantic/DeleteAction.js",
				"sap/f/semantic/DiscussInJamAction.js",
				"sap/f/semantic/EditAction.js",
				"sap/f/semantic/ExitFullScreenAction.js",
				"sap/f/semantic/FavoriteAction.js",
				"sap/f/semantic/FlagAction.js",
				"sap/f/semantic/FooterMainAction.js",
				"sap/f/semantic/FullScreenAction.js",
				"sap/f/semantic/MainAction.js",
				"sap/f/semantic/MessagesIndicator.js",
				"sap/f/semantic/NegativeAction.js",
				"sap/f/semantic/PositiveAction.js",
				"sap/f/semantic/PrintAction.js",
				"sap/f/semantic/SemanticButton.js",
				"sap/f/semantic/SemanticConfiguration.js",
				"sap/f/semantic/SemanticContainer.js",
				"sap/f/semantic/SemanticControl.js",
				"sap/f/semantic/SemanticFooter.js",
				"sap/f/semantic/SemanticPage.js",
				"sap/f/semantic/SemanticPageRenderer.js",
				"sap/f/semantic/SemanticShareMenu.js",
				"sap/f/semantic/SemanticTitle.js",
				"sap/f/semantic/SemanticToggleButton.js",
				"sap/f/semantic/SendEmailAction.js",
				"sap/f/semantic/SendMessageAction.js",
				"sap/f/semantic/ShareInJamAction.js",
				"sap/f/semantic/TitleMainAction.js"
			]
		},
		{
			"name": "library-h2-preload.js",
			"module": "sap/f/library-h2-preload.js",
			"merged": true,
			"required": [
				"sap/base/Log.js",
				"sap/base/assert.js",
				"sap/base/security/encodeXML.js",
				"sap/m/ActionSheet.js",
				"sap/m/Button.js",
				"sap/m/InstanceManager.js",
				"sap/m/NavContainer.js",
				"sap/m/OverflowToolbar.js",
				"sap/m/OverflowToolbarButton.js",
				"sap/m/OverflowToolbarLayoutData.js",
				"sap/m/Text.js",
				"sap/m/Title.js",
				"sap/m/ToggleButton.js",
				"sap/m/Toolbar.js",
				"sap/m/ToolbarSeparator.js",
				"sap/m/ToolbarSpacer.js",
				"sap/m/changeHandler/CombineButtons.js",
				"sap/m/changeHandler/SplitMenuButton.js",
				"sap/m/library.js",
				"sap/ui/Device.js",
				"sap/ui/Global.js",
				"sap/ui/base/DataType.js",
				"sap/ui/base/EventProvider.js",
				"sap/ui/base/ManagedObject.js",
				"sap/ui/base/ManagedObjectObserver.js",
				"sap/ui/base/Metadata.js",
				"sap/ui/base/Object.js",
				"sap/ui/core/Configuration.js",
				"sap/ui/core/Control.js",
				"sap/ui/core/Element.js",
				"sap/ui/core/Fragment.js",
				"sap/ui/core/IconPool.js",
				"sap/ui/core/InvisibleText.js",
				"sap/ui/core/ResizeHandler.js",
				"sap/ui/core/ScrollBar.js",
				"sap/ui/core/delegate/ScrollEnablement.js",
				"sap/ui/core/library.js",
				"sap/ui/core/routing/History.js",
				"sap/ui/core/routing/Router.js",
				"sap/ui/core/routing/Target.js",
				"sap/ui/core/routing/Targets.js",
				"sap/ui/dom/getScrollbarSize.js",
				"sap/ui/events/KeyCodes.js",
				"sap/ui/fl/Utils.js",
				"sap/ui/thirdparty/jquery.js"
			],
			"included": [
				"sap/f/library.js",
				"sap/f/manifest.json",
				"sap/f/Avatar.js",
				"sap/f/AvatarRenderer.js",
				"sap/f/DynamicPage.js",
				"sap/f/DynamicPageHeader.js",
				"sap/f/DynamicPageHeaderRenderer.js",
				"sap/f/DynamicPageRenderer.js",
				"sap/f/DynamicPageTitle.js",
				"sap/f/DynamicPageTitleRenderer.js",
				"sap/f/FlexibleColumnLayout.js",
				"sap/f/FlexibleColumnLayoutRenderer.js",
				"sap/f/FlexibleColumnLayoutSemanticHelper.js",
				"sap/f/changeHandler/MoveDynamicPageTitleActions.js",
				"sap/f/designtime/Avatar.create.fragment.xml",
				"sap/f/designtime/Avatar.designtime.js",
				"sap/f/designtime/DynamicPage.create.fragment.xml",
				"sap/f/designtime/DynamicPage.designtime.js",
				"sap/f/designtime/DynamicPageHeader.designtime.js",
				"sap/f/designtime/DynamicPageTitle.designtime.js",
				"sap/f/designtime/SemanticPage.create.fragment.xml",
				"sap/f/designtime/SemanticPage.designtime.js",
				"sap/f/designtime/library.designtime.js",
				"sap/f/flexibility/DynamicPageTitle.flexibility.js",
				"sap/f/routing/Router.js",
				"sap/f/routing/Target.js",
				"sap/f/routing/TargetHandler.js",
				"sap/f/routing/Targets.js",
				"sap/f/routing/async/Target.js",
				"sap/f/routing/async/Targets.js",
				"sap/f/semantic/AddAction.js",
				"sap/f/semantic/CloseAction.js",
				"sap/f/semantic/CopyAction.js",
				"sap/f/semantic/DeleteAction.js",
				"sap/f/semantic/DiscussInJamAction.js",
				"sap/f/semantic/EditAction.js",
				"sap/f/semantic/ExitFullScreenAction.js",
				"sap/f/semantic/FavoriteAction.js",
				"sap/f/semantic/FlagAction.js",
				"sap/f/semantic/FooterMainAction.js",
				"sap/f/semantic/FullScreenAction.js",
				"sap/f/semantic/MainAction.js",
				"sap/f/semantic/MessagesIndicator.js",
				"sap/f/semantic/NegativeAction.js",
				"sap/f/semantic/PositiveAction.js",
				"sap/f/semantic/PrintAction.js",
				"sap/f/semantic/SemanticButton.js",
				"sap/f/semantic/SemanticConfiguration.js",
				"sap/f/semantic/SemanticContainer.js",
				"sap/f/semantic/SemanticControl.js",
				"sap/f/semantic/SemanticFooter.js",
				"sap/f/semantic/SemanticPage.js",
				"sap/f/semantic/SemanticPageRenderer.js",
				"sap/f/semantic/SemanticShareMenu.js",
				"sap/f/semantic/SemanticTitle.js",
				"sap/f/semantic/SemanticToggleButton.js",
				"sap/f/semantic/SendEmailAction.js",
				"sap/f/semantic/SendMessageAction.js",
				"sap/f/semantic/ShareInJamAction.js",
				"sap/f/semantic/TitleMainAction.js"
			]
		},
		{
			"name": "library-h2-preload.js.map",
			"isDebug": true
		},
		{
			"name": "library-preload.js",
			"module": "sap/f/library-preload.js",
			"merged": true,
			"required": [
				"sap/base/Log.js",
				"sap/base/assert.js",
				"sap/base/security/encodeXML.js",
				"sap/m/ActionSheet.js",
				"sap/m/Button.js",
				"sap/m/InstanceManager.js",
				"sap/m/NavContainer.js",
				"sap/m/OverflowToolbar.js",
				"sap/m/OverflowToolbarButton.js",
				"sap/m/OverflowToolbarLayoutData.js",
				"sap/m/ToggleButton.js",
				"sap/m/Toolbar.js",
				"sap/m/ToolbarSeparator.js",
				"sap/m/ToolbarSpacer.js",
				"sap/m/changeHandler/CombineButtons.js",
				"sap/m/changeHandler/SplitMenuButton.js",
				"sap/m/library.js",
				"sap/ui/Device.js",
				"sap/ui/Global.js",
				"sap/ui/base/DataType.js",
				"sap/ui/base/EventProvider.js",
				"sap/ui/base/ManagedObject.js",
				"sap/ui/base/ManagedObjectObserver.js",
				"sap/ui/base/Metadata.js",
				"sap/ui/base/Object.js",
				"sap/ui/core/Configuration.js",
				"sap/ui/core/Control.js",
				"sap/ui/core/Element.js",
				"sap/ui/core/IconPool.js",
				"sap/ui/core/InvisibleText.js",
				"sap/ui/core/ResizeHandler.js",
				"sap/ui/core/ScrollBar.js",
				"sap/ui/core/delegate/ScrollEnablement.js",
				"sap/ui/core/library.js",
				"sap/ui/core/routing/History.js",
				"sap/ui/core/routing/Router.js",
				"sap/ui/core/routing/Target.js",
				"sap/ui/core/routing/Targets.js",
				"sap/ui/dom/getScrollbarSize.js",
				"sap/ui/events/KeyCodes.js",
				"sap/ui/fl/Utils.js",
				"sap/ui/thirdparty/jquery.js"
			],
			"included": [
				"sap/f/Avatar.js",
				"sap/f/AvatarRenderer.js",
				"sap/f/DynamicPage.js",
				"sap/f/DynamicPageHeader.js",
				"sap/f/DynamicPageHeaderRenderer.js",
				"sap/f/DynamicPageRenderer.js",
				"sap/f/DynamicPageTitle.js",
				"sap/f/DynamicPageTitleRenderer.js",
				"sap/f/FlexibleColumnLayout.js",
				"sap/f/FlexibleColumnLayoutRenderer.js",
				"sap/f/FlexibleColumnLayoutSemanticHelper.js",
				"sap/f/changeHandler/MoveDynamicPageTitleActions.js",
				"sap/f/flexibility/DynamicPageTitle.flexibility.js",
				"sap/f/library.js",
				"sap/f/manifest.json",
				"sap/f/routing/Router.js",
				"sap/f/routing/Target.js",
				"sap/f/routing/TargetHandler.js",
				"sap/f/routing/Targets.js",
				"sap/f/routing/async/Target.js",
				"sap/f/routing/async/Targets.js",
				"sap/f/semantic/AddAction.js",
				"sap/f/semantic/CloseAction.js",
				"sap/f/semantic/CopyAction.js",
				"sap/f/semantic/DeleteAction.js",
				"sap/f/semantic/DiscussInJamAction.js",
				"sap/f/semantic/EditAction.js",
				"sap/f/semantic/ExitFullScreenAction.js",
				"sap/f/semantic/FavoriteAction.js",
				"sap/f/semantic/FlagAction.js",
				"sap/f/semantic/FooterMainAction.js",
				"sap/f/semantic/FullScreenAction.js",
				"sap/f/semantic/MainAction.js",
				"sap/f/semantic/MessagesIndicator.js",
				"sap/f/semantic/NegativeAction.js",
				"sap/f/semantic/PositiveAction.js",
				"sap/f/semantic/PrintAction.js",
				"sap/f/semantic/SemanticButton.js",
				"sap/f/semantic/SemanticConfiguration.js",
				"sap/f/semantic/SemanticContainer.js",
				"sap/f/semantic/SemanticControl.js",
				"sap/f/semantic/SemanticFooter.js",
				"sap/f/semantic/SemanticPage.js",
				"sap/f/semantic/SemanticPageRenderer.js",
				"sap/f/semantic/SemanticShareMenu.js",
				"sap/f/semantic/SemanticTitle.js",
				"sap/f/semantic/SemanticToggleButton.js",
				"sap/f/semantic/SendEmailAction.js",
				"sap/f/semantic/SendMessageAction.js",
				"sap/f/semantic/ShareInJamAction.js",
				"sap/f/semantic/TitleMainAction.js"
			]
		},
		{
			"name": "library-preload.js.map",
			"isDebug": true
		},
		{
			"name": "library-preload.json",
			"module": "sap/f/library-preload.json",
			"merged": true,
			"required": [
				"sap/base/Log.js",
				"sap/base/assert.js",
				"sap/base/security/encodeXML.js",
				"sap/m/ActionSheet.js",
				"sap/m/Button.js",
				"sap/m/InstanceManager.js",
				"sap/m/NavContainer.js",
				"sap/m/OverflowToolbar.js",
				"sap/m/OverflowToolbarButton.js",
				"sap/m/OverflowToolbarLayoutData.js",
				"sap/m/ToggleButton.js",
				"sap/m/Toolbar.js",
				"sap/m/ToolbarSeparator.js",
				"sap/m/ToolbarSpacer.js",
				"sap/m/changeHandler/CombineButtons.js",
				"sap/m/changeHandler/SplitMenuButton.js",
				"sap/m/library-preload.json",
				"sap/m/library.js",
				"sap/ui/Device.js",
				"sap/ui/Global.js",
				"sap/ui/base/DataType.js",
				"sap/ui/base/EventProvider.js",
				"sap/ui/base/ManagedObject.js",
				"sap/ui/base/ManagedObjectObserver.js",
				"sap/ui/base/Metadata.js",
				"sap/ui/base/Object.js",
				"sap/ui/core/Configuration.js",
				"sap/ui/core/Control.js",
				"sap/ui/core/Element.js",
				"sap/ui/core/IconPool.js",
				"sap/ui/core/InvisibleText.js",
				"sap/ui/core/ResizeHandler.js",
				"sap/ui/core/ScrollBar.js",
				"sap/ui/core/delegate/ScrollEnablement.js",
				"sap/ui/core/library-preload.json",
				"sap/ui/core/library.js",
				"sap/ui/core/routing/History.js",
				"sap/ui/core/routing/Router.js",
				"sap/ui/core/routing/Target.js",
				"sap/ui/core/routing/Targets.js",
				"sap/ui/dom/getScrollbarSize.js",
				"sap/ui/events/KeyCodes.js",
				"sap/ui/fl/Utils.js",
				"sap/ui/thirdparty/jquery.js"
			],
			"included": [
				"sap/f/Avatar.js",
				"sap/f/AvatarRenderer.js",
				"sap/f/DynamicPage.js",
				"sap/f/DynamicPageHeader.js",
				"sap/f/DynamicPageHeaderRenderer.js",
				"sap/f/DynamicPageRenderer.js",
				"sap/f/DynamicPageTitle.js",
				"sap/f/DynamicPageTitleRenderer.js",
				"sap/f/FlexibleColumnLayout.js",
				"sap/f/FlexibleColumnLayoutRenderer.js",
				"sap/f/FlexibleColumnLayoutSemanticHelper.js",
				"sap/f/changeHandler/MoveDynamicPageTitleActions.js",
				"sap/f/flexibility/DynamicPageTitle.flexibility.js",
				"sap/f/library.js",
				"sap/f/manifest.json",
				"sap/f/routing/Router.js",
				"sap/f/routing/Target.js",
				"sap/f/routing/TargetHandler.js",
				"sap/f/routing/Targets.js",
				"sap/f/routing/async/Target.js",
				"sap/f/routing/async/Targets.js",
				"sap/f/semantic/AddAction.js",
				"sap/f/semantic/CloseAction.js",
				"sap/f/semantic/CopyAction.js",
				"sap/f/semantic/DeleteAction.js",
				"sap/f/semantic/DiscussInJamAction.js",
				"sap/f/semantic/EditAction.js",
				"sap/f/semantic/ExitFullScreenAction.js",
				"sap/f/semantic/FavoriteAction.js",
				"sap/f/semantic/FlagAction.js",
				"sap/f/semantic/FooterMainAction.js",
				"sap/f/semantic/FullScreenAction.js",
				"sap/f/semantic/MainAction.js",
				"sap/f/semantic/MessagesIndicator.js",
				"sap/f/semantic/NegativeAction.js",
				"sap/f/semantic/PositiveAction.js",
				"sap/f/semantic/PrintAction.js",
				"sap/f/semantic/SemanticButton.js",
				"sap/f/semantic/SemanticConfiguration.js",
				"sap/f/semantic/SemanticContainer.js",
				"sap/f/semantic/SemanticControl.js",
				"sap/f/semantic/SemanticFooter.js",
				"sap/f/semantic/SemanticPage.js",
				"sap/f/semantic/SemanticPageRenderer.js",
				"sap/f/semantic/SemanticShareMenu.js",
				"sap/f/semantic/SemanticTitle.js",
				"sap/f/semantic/SemanticToggleButton.js",
				"sap/f/semantic/SendEmailAction.js",
				"sap/f/semantic/SendMessageAction.js",
				"sap/f/semantic/ShareInJamAction.js",
				"sap/f/semantic/TitleMainAction.js"
			]
		},
		{
			"name": "library.dependencies.json",
			"designtime": true
		},
		{
			"name": "library.dependencies.xml",
			"designtime": true
		},
		{
			"name": "library.js",
			"module": "sap/f/library.js",
			"required": [
				"sap/m/library.js",
				"sap/ui/Global.js",
				"sap/ui/base/DataType.js",
				"sap/ui/core/library.js"
			]
		},
		{
			"name": "library.templates.xml",
			"designtime": true
		},
		{
			"name": "manifest.json",
			"module": "sap/f/manifest.json"
		},
		{
			"name": "messagebundle.properties",
			"module": "sap/f/messagebundle.properties",
			"locale": "",
			"raw": "messagebundle.properties"
		},
		{
			"name": "messagebundle_ar.properties",
			"module": "sap/f/messagebundle_ar.properties",
			"locale": "ar",
			"raw": "messagebundle.properties"
		},
		{
			"name": "messagebundle_bg.properties",
			"module": "sap/f/messagebundle_bg.properties",
			"locale": "bg",
			"raw": "messagebundle.properties"
		},
		{
			"name": "messagebundle_ca.properties",
			"module": "sap/f/messagebundle_ca.properties",
			"locale": "ca",
			"raw": "messagebundle.properties"
		},
		{
			"name": "messagebundle_cs.properties",
			"module": "sap/f/messagebundle_cs.properties",
			"locale": "cs",
			"raw": "messagebundle.properties"
		},
		{
			"name": "messagebundle_da.properties",
			"module": "sap/f/messagebundle_da.properties",
			"locale": "da",
			"raw": "messagebundle.properties"
		},
		{
			"name": "messagebundle_de.properties",
			"module": "sap/f/messagebundle_de.properties",
			"locale": "de",
			"raw": "messagebundle.properties"
		},
		{
			"name": "messagebundle_el.properties",
			"module": "sap/f/messagebundle_el.properties",
			"locale": "el",
			"raw": "messagebundle.properties"
		},
		{
			"name": "messagebundle_en.properties",
			"module": "sap/f/messagebundle_en.properties",
			"locale": "en",
			"raw": "messagebundle.properties"
		},
		{
			"name": "messagebundle_en_US_sappsd.properties",
			"module": "sap/f/messagebundle_en_US_sappsd.properties",
			"locale": "en_US_sappsd",
			"raw": "messagebundle.properties"
		},
		{
			"name": "messagebundle_en_US_saptrc.properties",
			"module": "sap/f/messagebundle_en_US_saptrc.properties",
			"locale": "en_US_saptrc",
			"raw": "messagebundle.properties"
		},
		{
			"name": "messagebundle_es.properties",
			"module": "sap/f/messagebundle_es.properties",
			"locale": "es",
			"raw": "messagebundle.properties"
		},
		{
			"name": "messagebundle_et.properties",
			"module": "sap/f/messagebundle_et.properties",
			"locale": "et",
			"raw": "messagebundle.properties"
		},
		{
			"name": "messagebundle_fi.properties",
			"module": "sap/f/messagebundle_fi.properties",
			"locale": "fi",
			"raw": "messagebundle.properties"
		},
		{
			"name": "messagebundle_fr.properties",
			"module": "sap/f/messagebundle_fr.properties",
			"locale": "fr",
			"raw": "messagebundle.properties"
		},
		{
			"name": "messagebundle_hi.properties",
			"module": "sap/f/messagebundle_hi.properties",
			"locale": "hi",
			"raw": "messagebundle.properties"
		},
		{
			"name": "messagebundle_hr.properties",
			"module": "sap/f/messagebundle_hr.properties",
			"locale": "hr",
			"raw": "messagebundle.properties"
		},
		{
			"name": "messagebundle_hu.properties",
			"module": "sap/f/messagebundle_hu.properties",
			"locale": "hu",
			"raw": "messagebundle.properties"
		},
		{
			"name": "messagebundle_it.properties",
			"module": "sap/f/messagebundle_it.properties",
			"locale": "it",
			"raw": "messagebundle.properties"
		},
		{
			"name": "messagebundle_iw.properties",
			"module": "sap/f/messagebundle_iw.properties",
			"locale": "iw",
			"raw": "messagebundle.properties"
		},
		{
			"name": "messagebundle_ja.properties",
			"module": "sap/f/messagebundle_ja.properties",
			"locale": "ja",
			"raw": "messagebundle.properties"
		},
		{
			"name": "messagebundle_kk.properties",
			"module": "sap/f/messagebundle_kk.properties",
			"locale": "kk",
			"raw": "messagebundle.properties"
		},
		{
			"name": "messagebundle_ko.properties",
			"module": "sap/f/messagebundle_ko.properties",
			"locale": "ko",
			"raw": "messagebundle.properties"
		},
		{
			"name": "messagebundle_lt.properties",
			"module": "sap/f/messagebundle_lt.properties",
			"locale": "lt",
			"raw": "messagebundle.properties"
		},
		{
			"name": "messagebundle_lv.properties",
			"module": "sap/f/messagebundle_lv.properties",
			"locale": "lv",
			"raw": "messagebundle.properties"
		},
		{
			"name": "messagebundle_ms.properties",
			"module": "sap/f/messagebundle_ms.properties",
			"locale": "ms",
			"raw": "messagebundle.properties"
		},
		{
			"name": "messagebundle_nl.properties",
			"module": "sap/f/messagebundle_nl.properties",
			"locale": "nl",
			"raw": "messagebundle.properties"
		},
		{
			"name": "messagebundle_no.properties",
			"module": "sap/f/messagebundle_no.properties",
			"locale": "no",
			"raw": "messagebundle.properties"
		},
		{
			"name": "messagebundle_pl.properties",
			"module": "sap/f/messagebundle_pl.properties",
			"locale": "pl",
			"raw": "messagebundle.properties"
		},
		{
			"name": "messagebundle_pt.properties",
			"module": "sap/f/messagebundle_pt.properties",
			"locale": "pt",
			"raw": "messagebundle.properties"
		},
		{
			"name": "messagebundle_ro.properties",
			"module": "sap/f/messagebundle_ro.properties",
			"locale": "ro",
			"raw": "messagebundle.properties"
		},
		{
			"name": "messagebundle_ru.properties",
			"module": "sap/f/messagebundle_ru.properties",
			"locale": "ru",
			"raw": "messagebundle.properties"
		},
		{
			"name": "messagebundle_sh.properties",
			"module": "sap/f/messagebundle_sh.properties",
			"locale": "sh",
			"raw": "messagebundle.properties"
		},
		{
			"name": "messagebundle_sk.properties",
			"module": "sap/f/messagebundle_sk.properties",
			"locale": "sk",
			"raw": "messagebundle.properties"
		},
		{
			"name": "messagebundle_sl.properties",
			"module": "sap/f/messagebundle_sl.properties",
			"locale": "sl",
			"raw": "messagebundle.properties"
		},
		{
			"name": "messagebundle_sv.properties",
			"module": "sap/f/messagebundle_sv.properties",
			"locale": "sv",
			"raw": "messagebundle.properties"
		},
		{
			"name": "messagebundle_th.properties",
			"module": "sap/f/messagebundle_th.properties",
			"locale": "th",
			"raw": "messagebundle.properties"
		},
		{
			"name": "messagebundle_tr.properties",
			"module": "sap/f/messagebundle_tr.properties",
			"locale": "tr",
			"raw": "messagebundle.properties"
		},
		{
			"name": "messagebundle_uk.properties",
			"module": "sap/f/messagebundle_uk.properties",
			"locale": "uk",
			"raw": "messagebundle.properties"
		},
		{
			"name": "messagebundle_vi.properties",
			"module": "sap/f/messagebundle_vi.properties",
			"locale": "vi",
			"raw": "messagebundle.properties"
		},
		{
			"name": "messagebundle_zh_CN.properties",
			"module": "sap/f/messagebundle_zh_CN.properties",
			"locale": "zh_CN",
			"raw": "messagebundle.properties"
		},
		{
			"name": "messagebundle_zh_TW.properties",
			"module": "sap/f/messagebundle_zh_TW.properties",
			"locale": "zh_TW",
			"raw": "messagebundle.properties"
		},
		{
			"name": "resources.json"
		},
		{
			"name": "routing/Router-dbg.js",
			"module": "sap/f/routing/Router.js",
			"isDebug": true,
			"required": [
				"sap/f/routing/TargetHandler.js",
				"sap/f/routing/Targets.js",
				"sap/ui/core/routing/Router.js"
			]
		},
		{
			"name": "routing/Router.js",
			"module": "sap/f/routing/Router.js",
			"required": [
				"sap/f/routing/TargetHandler.js",
				"sap/f/routing/Targets.js",
				"sap/ui/core/routing/Router.js"
			]
		},
		{
			"name": "routing/Target-dbg.js",
			"module": "sap/f/routing/Target.js",
			"isDebug": true,
			"required": [
				"sap/f/FlexibleColumnLayout.js",
				"sap/f/routing/async/Target.js",
				"sap/ui/core/routing/Target.js"
			]
		},
		{
			"name": "routing/Target.js",
			"module": "sap/f/routing/Target.js",
			"required": [
				"sap/f/FlexibleColumnLayout.js",
				"sap/f/routing/async/Target.js",
				"sap/ui/core/routing/Target.js"
			]
		},
		{
			"name": "routing/TargetHandler-dbg.js",
			"module": "sap/f/routing/TargetHandler.js",
			"isDebug": true,
			"required": [
				"sap/base/Log.js",
				"sap/f/FlexibleColumnLayout.js",
				"sap/m/InstanceManager.js",
				"sap/ui/base/Object.js",
				"sap/ui/core/routing/History.js"
			]
		},
		{
			"name": "routing/TargetHandler.js",
			"module": "sap/f/routing/TargetHandler.js",
			"required": [
				"sap/base/Log.js",
				"sap/f/FlexibleColumnLayout.js",
				"sap/m/InstanceManager.js",
				"sap/ui/base/Object.js",
				"sap/ui/core/routing/History.js"
			]
		},
		{
			"name": "routing/Targets-dbg.js",
			"module": "sap/f/routing/Targets.js",
			"isDebug": true,
			"required": [
				"sap/f/routing/Target.js",
				"sap/f/routing/TargetHandler.js",
				"sap/f/routing/async/Targets.js",
				"sap/ui/core/routing/Targets.js"
			]
		},
		{
			"name": "routing/Targets.js",
			"module": "sap/f/routing/Targets.js",
			"required": [
				"sap/f/routing/Target.js",
				"sap/f/routing/TargetHandler.js",
				"sap/f/routing/async/Targets.js",
				"sap/ui/core/routing/Targets.js"
			]
		},
		{
			"name": "routing/async/Target-dbg.js",
			"module": "sap/f/routing/async/Target.js",
			"isDebug": true
		},
		{
			"name": "routing/async/Target.js",
			"module": "sap/f/routing/async/Target.js"
		},
		{
			"name": "routing/async/Targets-dbg.js",
			"module": "sap/f/routing/async/Targets.js",
			"isDebug": true
		},
		{
			"name": "routing/async/Targets.js",
			"module": "sap/f/routing/async/Targets.js"
		},
		{
			"name": "semantic/AddAction-dbg.js",
			"module": "sap/f/semantic/AddAction.js",
			"isDebug": true,
			"required": [
				"sap/f/semantic/SemanticButton.js"
			]
		},
		{
			"name": "semantic/AddAction.control",
			"designtime": true
		},
		{
			"name": "semantic/AddAction.js",
			"module": "sap/f/semantic/AddAction.js",
			"required": [
				"sap/f/semantic/SemanticButton.js"
			]
		},
		{
			"name": "semantic/CloseAction-dbg.js",
			"module": "sap/f/semantic/CloseAction.js",
			"isDebug": true,
			"required": [
				"sap/f/semantic/SemanticButton.js"
			]
		},
		{
			"name": "semantic/CloseAction.control",
			"designtime": true
		},
		{
			"name": "semantic/CloseAction.js",
			"module": "sap/f/semantic/CloseAction.js",
			"required": [
				"sap/f/semantic/SemanticButton.js"
			]
		},
		{
			"name": "semantic/CopyAction-dbg.js",
			"module": "sap/f/semantic/CopyAction.js",
			"isDebug": true,
			"required": [
				"sap/f/semantic/SemanticButton.js"
			]
		},
		{
			"name": "semantic/CopyAction.control",
			"designtime": true
		},
		{
			"name": "semantic/CopyAction.js",
			"module": "sap/f/semantic/CopyAction.js",
			"required": [
				"sap/f/semantic/SemanticButton.js"
			]
		},
		{
			"name": "semantic/DeleteAction-dbg.js",
			"module": "sap/f/semantic/DeleteAction.js",
			"isDebug": true,
			"required": [
				"sap/f/semantic/SemanticButton.js"
			]
		},
		{
			"name": "semantic/DeleteAction.control",
			"designtime": true
		},
		{
			"name": "semantic/DeleteAction.js",
			"module": "sap/f/semantic/DeleteAction.js",
			"required": [
				"sap/f/semantic/SemanticButton.js"
			]
		},
		{
			"name": "semantic/DiscussInJamAction-dbg.js",
			"module": "sap/f/semantic/DiscussInJamAction.js",
			"isDebug": true,
			"required": [
				"sap/f/semantic/SemanticButton.js"
			]
		},
		{
			"name": "semantic/DiscussInJamAction.control",
			"designtime": true
		},
		{
			"name": "semantic/DiscussInJamAction.js",
			"module": "sap/f/semantic/DiscussInJamAction.js",
			"required": [
				"sap/f/semantic/SemanticButton.js"
			]
		},
		{
			"name": "semantic/EditAction-dbg.js",
			"module": "sap/f/semantic/EditAction.js",
			"isDebug": true,
			"required": [
				"sap/f/semantic/SemanticButton.js"
			]
		},
		{
			"name": "semantic/EditAction.control",
			"designtime": true
		},
		{
			"name": "semantic/EditAction.js",
			"module": "sap/f/semantic/EditAction.js",
			"required": [
				"sap/f/semantic/SemanticButton.js"
			]
		},
		{
			"name": "semantic/ExitFullScreenAction-dbg.js",
			"module": "sap/f/semantic/ExitFullScreenAction.js",
			"isDebug": true,
			"required": [
				"sap/f/semantic/SemanticButton.js"
			]
		},
		{
			"name": "semantic/ExitFullScreenAction.control",
			"designtime": true
		},
		{
			"name": "semantic/ExitFullScreenAction.js",
			"module": "sap/f/semantic/ExitFullScreenAction.js",
			"required": [
				"sap/f/semantic/SemanticButton.js"
			]
		},
		{
			"name": "semantic/FavoriteAction-dbg.js",
			"module": "sap/f/semantic/FavoriteAction.js",
			"isDebug": true,
			"required": [
				"sap/f/semantic/SemanticToggleButton.js"
			]
		},
		{
			"name": "semantic/FavoriteAction.control",
			"designtime": true
		},
		{
			"name": "semantic/FavoriteAction.js",
			"module": "sap/f/semantic/FavoriteAction.js",
			"required": [
				"sap/f/semantic/SemanticToggleButton.js"
			]
		},
		{
			"name": "semantic/FlagAction-dbg.js",
			"module": "sap/f/semantic/FlagAction.js",
			"isDebug": true,
			"required": [
				"sap/f/semantic/SemanticToggleButton.js"
			]
		},
		{
			"name": "semantic/FlagAction.control",
			"designtime": true
		},
		{
			"name": "semantic/FlagAction.js",
			"module": "sap/f/semantic/FlagAction.js",
			"required": [
				"sap/f/semantic/SemanticToggleButton.js"
			]
		},
		{
			"name": "semantic/FooterMainAction-dbg.js",
			"module": "sap/f/semantic/FooterMainAction.js",
			"isDebug": true,
			"required": [
				"sap/f/semantic/MainAction.js"
			]
		},
		{
			"name": "semantic/FooterMainAction.control",
			"designtime": true
		},
		{
			"name": "semantic/FooterMainAction.js",
			"module": "sap/f/semantic/FooterMainAction.js",
			"required": [
				"sap/f/semantic/MainAction.js"
			]
		},
		{
			"name": "semantic/FullScreenAction-dbg.js",
			"module": "sap/f/semantic/FullScreenAction.js",
			"isDebug": true,
			"required": [
				"sap/f/semantic/SemanticButton.js"
			]
		},
		{
			"name": "semantic/FullScreenAction.control",
			"designtime": true
		},
		{
			"name": "semantic/FullScreenAction.js",
			"module": "sap/f/semantic/FullScreenAction.js",
			"required": [
				"sap/f/semantic/SemanticButton.js"
			]
		},
		{
			"name": "semantic/MainAction-dbg.js",
			"module": "sap/f/semantic/MainAction.js",
			"isDebug": true,
			"required": [
				"sap/f/semantic/SemanticButton.js"
			]
		},
		{
			"name": "semantic/MainAction.control",
			"designtime": true
		},
		{
			"name": "semantic/MainAction.js",
			"module": "sap/f/semantic/MainAction.js",
			"required": [
				"sap/f/semantic/SemanticButton.js"
			]
		},
		{
			"name": "semantic/MessagesIndicator-dbg.js",
			"module": "sap/f/semantic/MessagesIndicator.js",
			"isDebug": true,
			"required": [
				"sap/f/semantic/SemanticButton.js"
			]
		},
		{
			"name": "semantic/MessagesIndicator.control",
			"designtime": true
		},
		{
			"name": "semantic/MessagesIndicator.js",
			"module": "sap/f/semantic/MessagesIndicator.js",
			"required": [
				"sap/f/semantic/SemanticButton.js"
			]
		},
		{
			"name": "semantic/NegativeAction-dbg.js",
			"module": "sap/f/semantic/NegativeAction.js",
			"isDebug": true,
			"required": [
				"sap/f/semantic/SemanticButton.js"
			]
		},
		{
			"name": "semantic/NegativeAction.control",
			"designtime": true
		},
		{
			"name": "semantic/NegativeAction.js",
			"module": "sap/f/semantic/NegativeAction.js",
			"required": [
				"sap/f/semantic/SemanticButton.js"
			]
		},
		{
			"name": "semantic/PositiveAction-dbg.js",
			"module": "sap/f/semantic/PositiveAction.js",
			"isDebug": true,
			"required": [
				"sap/f/semantic/SemanticButton.js"
			]
		},
		{
			"name": "semantic/PositiveAction.control",
			"designtime": true
		},
		{
			"name": "semantic/PositiveAction.js",
			"module": "sap/f/semantic/PositiveAction.js",
			"required": [
				"sap/f/semantic/SemanticButton.js"
			]
		},
		{
			"name": "semantic/PrintAction-dbg.js",
			"module": "sap/f/semantic/PrintAction.js",
			"isDebug": true,
			"required": [
				"sap/f/semantic/SemanticButton.js"
			]
		},
		{
			"name": "semantic/PrintAction.control",
			"designtime": true
		},
		{
			"name": "semantic/PrintAction.js",
			"module": "sap/f/semantic/PrintAction.js",
			"required": [
				"sap/f/semantic/SemanticButton.js"
			]
		},
		{
			"name": "semantic/SemanticButton-dbg.js",
			"module": "sap/f/semantic/SemanticButton.js",
			"isDebug": true,
			"required": [
				"sap/f/semantic/SemanticControl.js",
				"sap/m/Button.js",
				"sap/m/OverflowToolbarButton.js"
			]
		},
		{
			"name": "semantic/SemanticButton.control",
			"designtime": true
		},
		{
			"name": "semantic/SemanticButton.js",
			"module": "sap/f/semantic/SemanticButton.js",
			"required": [
				"sap/f/semantic/SemanticControl.js",
				"sap/m/Button.js",
				"sap/m/OverflowToolbarButton.js"
			]
		},
		{
			"name": "semantic/SemanticConfiguration-dbg.js",
			"module": "sap/f/semantic/SemanticConfiguration.js",
			"isDebug": true,
			"required": [
				"sap/m/OverflowToolbarLayoutData.js",
				"sap/m/library.js",
				"sap/ui/base/Metadata.js",
				"sap/ui/core/IconPool.js"
			]
		},
		{
			"name": "semantic/SemanticConfiguration.js",
			"module": "sap/f/semantic/SemanticConfiguration.js",
			"required": [
				"sap/m/OverflowToolbarLayoutData.js",
				"sap/m/library.js",
				"sap/ui/base/Metadata.js",
				"sap/ui/core/IconPool.js"
			]
		},
		{
			"name": "semantic/SemanticContainer-dbg.js",
			"module": "sap/f/semantic/SemanticContainer.js",
			"isDebug": true,
			"required": [
				"sap/base/Log.js",
				"sap/f/semantic/SemanticConfiguration.js",
				"sap/ui/base/Metadata.js"
			]
		},
		{
			"name": "semantic/SemanticContainer.js",
			"module": "sap/f/semantic/SemanticContainer.js",
			"required": [
				"sap/base/Log.js",
				"sap/f/semantic/SemanticConfiguration.js",
				"sap/ui/base/Metadata.js"
			]
		},
		{
			"name": "semantic/SemanticControl-dbg.js",
			"module": "sap/f/semantic/SemanticControl.js",
			"isDebug": true,
			"required": [
				"sap/f/semantic/SemanticConfiguration.js",
				"sap/ui/base/ManagedObject.js",
				"sap/ui/core/Element.js",
				"sap/ui/thirdparty/jquery.js"
			]
		},
		{
			"name": "semantic/SemanticControl.control",
			"designtime": true
		},
		{
			"name": "semantic/SemanticControl.js",
			"module": "sap/f/semantic/SemanticControl.js",
			"required": [
				"sap/f/semantic/SemanticConfiguration.js",
				"sap/ui/base/ManagedObject.js",
				"sap/ui/core/Element.js",
				"sap/ui/thirdparty/jquery.js"
			]
		},
		{
			"name": "semantic/SemanticFooter-dbg.js",
			"module": "sap/f/semantic/SemanticFooter.js",
			"isDebug": true,
			"required": [
				"sap/f/semantic/SemanticContainer.js",
				"sap/m/ToolbarSpacer.js",
				"sap/m/library.js"
			]
		},
		{
			"name": "semantic/SemanticFooter.js",
			"module": "sap/f/semantic/SemanticFooter.js",
			"required": [
				"sap/f/semantic/SemanticContainer.js",
				"sap/m/ToolbarSpacer.js",
				"sap/m/library.js"
			]
		},
		{
			"name": "semantic/SemanticPage-dbg.js",
			"module": "sap/f/semantic/SemanticPage.js",
			"isDebug": true,
			"required": [
				"sap/f/DynamicPage.js",
				"sap/f/DynamicPageHeader.js",
				"sap/f/DynamicPageTitle.js",
				"sap/f/library.js",
				"sap/f/semantic/SemanticConfiguration.js",
				"sap/f/semantic/SemanticFooter.js",
				"sap/f/semantic/SemanticPageRenderer.js",
				"sap/f/semantic/SemanticShareMenu.js",
				"sap/f/semantic/SemanticTitle.js",
				"sap/m/ActionSheet.js",
				"sap/m/OverflowToolbar.js",
				"sap/ui/base/ManagedObject.js",
				"sap/ui/core/Control.js"
			]
		},
		{
			"name": "semantic/SemanticPage.control",
			"designtime": true
		},
		{
			"name": "semantic/SemanticPage.js",
			"module": "sap/f/semantic/SemanticPage.js",
			"required": [
				"sap/f/DynamicPage.js",
				"sap/f/DynamicPageHeader.js",
				"sap/f/DynamicPageTitle.js",
				"sap/f/library.js",
				"sap/f/semantic/SemanticConfiguration.js",
				"sap/f/semantic/SemanticFooter.js",
				"sap/f/semantic/SemanticPageRenderer.js",
				"sap/f/semantic/SemanticShareMenu.js",
				"sap/f/semantic/SemanticTitle.js",
				"sap/m/ActionSheet.js",
				"sap/m/OverflowToolbar.js",
				"sap/ui/base/ManagedObject.js",
				"sap/ui/core/Control.js"
			]
		},
		{
			"name": "semantic/SemanticPageRenderer-dbg.js",
			"module": "sap/f/semantic/SemanticPageRenderer.js",
			"isDebug": true
		},
		{
			"name": "semantic/SemanticPageRenderer.js",
			"module": "sap/f/semantic/SemanticPageRenderer.js"
		},
		{
			"name": "semantic/SemanticShareMenu-dbg.js",
			"module": "sap/f/semantic/SemanticShareMenu.js",
			"isDebug": true,
			"required": [
				"sap/f/semantic/SemanticContainer.js",
				"sap/m/OverflowToolbarButton.js",
				"sap/m/OverflowToolbarLayoutData.js",
				"sap/m/library.js",
				"sap/ui/base/EventProvider.js",
				"sap/ui/core/IconPool.js"
			]
		},
		{
			"name": "semantic/SemanticShareMenu.js",
			"module": "sap/f/semantic/SemanticShareMenu.js",
			"required": [
				"sap/f/semantic/SemanticContainer.js",
				"sap/m/OverflowToolbarButton.js",
				"sap/m/OverflowToolbarLayoutData.js",
				"sap/m/library.js",
				"sap/ui/base/EventProvider.js",
				"sap/ui/core/IconPool.js"
			]
		},
		{
			"name": "semantic/SemanticTitle-dbg.js",
			"module": "sap/f/semantic/SemanticTitle.js",
			"isDebug": true,
			"required": [
				"sap/f/semantic/SemanticContainer.js",
				"sap/m/library.js"
			]
		},
		{
			"name": "semantic/SemanticTitle.js",
			"module": "sap/f/semantic/SemanticTitle.js",
			"required": [
				"sap/f/semantic/SemanticContainer.js",
				"sap/m/library.js"
			]
		},
		{
			"name": "semantic/SemanticToggleButton-dbg.js",
			"module": "sap/f/semantic/SemanticToggleButton.js",
			"isDebug": true,
			"required": [
				"sap/f/semantic/SemanticButton.js",
				"sap/m/library.js",
				"sap/ui/events/KeyCodes.js"
			]
		},
		{
			"name": "semantic/SemanticToggleButton.control",
			"designtime": true
		},
		{
			"name": "semantic/SemanticToggleButton.js",
			"module": "sap/f/semantic/SemanticToggleButton.js",
			"required": [
				"sap/f/semantic/SemanticButton.js",
				"sap/m/library.js",
				"sap/ui/events/KeyCodes.js"
			]
		},
		{
			"name": "semantic/SendEmailAction-dbg.js",
			"module": "sap/f/semantic/SendEmailAction.js",
			"isDebug": true,
			"required": [
				"sap/f/semantic/SemanticButton.js"
			]
		},
		{
			"name": "semantic/SendEmailAction.control",
			"designtime": true
		},
		{
			"name": "semantic/SendEmailAction.js",
			"module": "sap/f/semantic/SendEmailAction.js",
			"required": [
				"sap/f/semantic/SemanticButton.js"
			]
		},
		{
			"name": "semantic/SendMessageAction-dbg.js",
			"module": "sap/f/semantic/SendMessageAction.js",
			"isDebug": true,
			"required": [
				"sap/f/semantic/SemanticButton.js"
			]
		},
		{
			"name": "semantic/SendMessageAction.control",
			"designtime": true
		},
		{
			"name": "semantic/SendMessageAction.js",
			"module": "sap/f/semantic/SendMessageAction.js",
			"required": [
				"sap/f/semantic/SemanticButton.js"
			]
		},
		{
			"name": "semantic/ShareInJamAction-dbg.js",
			"module": "sap/f/semantic/ShareInJamAction.js",
			"isDebug": true,
			"required": [
				"sap/f/semantic/SemanticButton.js"
			]
		},
		{
			"name": "semantic/ShareInJamAction.control",
			"designtime": true
		},
		{
			"name": "semantic/ShareInJamAction.js",
			"module": "sap/f/semantic/ShareInJamAction.js",
			"required": [
				"sap/f/semantic/SemanticButton.js"
			]
		},
		{
			"name": "semantic/TitleMainAction-dbg.js",
			"module": "sap/f/semantic/TitleMainAction.js",
			"isDebug": true,
			"required": [
				"sap/f/semantic/MainAction.js"
			]
		},
		{
			"name": "semantic/TitleMainAction.control",
			"designtime": true
		},
		{
			"name": "semantic/TitleMainAction.js",
			"module": "sap/f/semantic/TitleMainAction.js",
			"required": [
				"sap/f/semantic/MainAction.js"
			]
		},
		{
			"name": "themes/base/.theming",
			"theme": "base"
		},
		{
			"name": "themes/base/Avatar.less",
			"designtime": true,
			"theme": "base"
		},
		{
			"name": "themes/base/DynamicPage.less",
			"designtime": true,
			"theme": "base"
		},
		{
			"name": "themes/base/DynamicPageHeader.less",
			"designtime": true,
			"theme": "base"
		},
		{
			"name": "themes/base/DynamicPageTitle.less",
			"designtime": true,
			"theme": "base"
		},
		{
			"name": "themes/base/FlexibleColumnLayout.less",
			"designtime": true,
			"theme": "base"
		},
		{
			"name": "themes/base/SemanticPage.less",
			"designtime": true,
			"theme": "base"
		},
		{
			"name": "themes/base/library-RTL-dbg.css",
			"isDebug": true,
			"theme": "base"
		},
		{
			"name": "themes/base/library-RTL.css",
			"theme": "base"
		},
		{
			"name": "themes/base/library-dbg.css",
			"isDebug": true,
			"theme": "base"
		},
		{
			"name": "themes/base/library-parameters.json",
			"theme": "base"
		},
		{
			"name": "themes/base/library.css",
			"theme": "base"
		},
		{
			"name": "themes/base/library.less",
			"designtime": true,
			"theme": "base"
		},
		{
			"name": "themes/base/library.source.less",
			"designtime": true,
			"theme": "base"
		},
		{
			"name": "themes/sap_hcb/.theming",
			"theme": "sap_hcb"
		},
		{
			"name": "themes/sap_hcb/DynamicPage.less",
			"designtime": true,
			"theme": "sap_hcb"
		},
		{
			"name": "themes/sap_hcb/FlexibleColumnLayout.less",
			"designtime": true,
			"theme": "sap_hcb"
		},
		{
			"name": "themes/sap_hcb/library-RTL-dbg.css",
			"isDebug": true,
			"theme": "sap_hcb"
		},
		{
			"name": "themes/sap_hcb/library-RTL.css",
			"theme": "sap_hcb"
		},
		{
			"name": "themes/sap_hcb/library-dbg.css",
			"isDebug": true,
			"theme": "sap_hcb"
		},
		{
			"name": "themes/sap_hcb/library-parameters.json",
			"theme": "sap_hcb"
		},
		{
			"name": "themes/sap_hcb/library.css",
			"theme": "sap_hcb"
		},
		{
			"name": "themes/sap_hcb/library.less",
			"designtime": true,
			"theme": "sap_hcb"
		},
		{
			"name": "themes/sap_hcb/library.source.less",
			"designtime": true,
			"theme": "sap_hcb"
		}
	]
}